# Blender v2.81 (sub 16) OBJ File: 'Box.blend'
# www.blender.org
mtllib SpeakerStudio.mtl
o Cube_Cube.001
v -0.114287 1.245607 -1.872017
v -0.111783 1.121707 -1.860074
v -0.104365 1.002568 -1.824703
v -0.092320 0.892768 -1.767263
v -0.076109 0.796529 -1.689963
v -0.056357 0.717546 -1.595772
v -0.033822 0.658858 -1.488310
v -0.009369 0.622717 -1.371707
v 0.016060 0.610514 -1.250444
v 0.041490 0.622717 -1.129182
v 0.065942 0.658858 -1.012579
v 0.088477 0.717546 -0.905117
v 0.108230 0.796529 -0.810926
v 0.124440 0.892768 -0.733625
v 0.136486 1.002568 -0.676186
v 0.143903 1.121707 -0.640815
v 0.146408 1.245607 -0.628871
v 0.143903 1.369508 -0.640815
v 0.136486 1.488647 -0.676186
v 0.124440 1.598446 -0.733626
v 0.108230 1.694686 -0.810926
v 0.088477 1.773668 -0.905117
v 0.065942 1.832357 -1.012579
v 0.041490 1.868497 -1.129182
v 0.016060 1.880700 -1.250445
v -0.009369 1.868497 -1.371708
v -0.033822 1.832357 -1.488311
v -0.056357 1.773668 -1.595773
v -0.076110 1.694685 -1.689963
v -0.092320 1.598445 -1.767264
v -0.104365 1.488646 -1.824703
v -0.111783 1.369507 -1.860074
v -0.143902 2.651179 -1.823309
v -0.141562 2.535393 -1.812148
v -0.134630 2.424057 -1.779093
v -0.123374 2.321448 -1.725416
v -0.108225 2.231511 -1.653177
v -0.089766 2.157702 -1.565155
v -0.068706 2.102856 -1.464731
v -0.045856 2.069083 -1.355765
v -0.022091 2.057679 -1.242444
v 0.001673 2.069083 -1.129122
v 0.024524 2.102856 -1.020156
v 0.045583 2.157702 -0.919732
v 0.064042 2.231511 -0.831710
v 0.079191 2.321448 -0.759472
v 0.090447 2.424057 -0.705794
v 0.097379 2.535393 -0.672739
v 0.099720 2.651179 -0.661578
v 0.097379 2.766966 -0.672740
v 0.090447 2.878302 -0.705794
v 0.079191 2.980911 -0.759472
v 0.064042 3.070848 -0.831710
v 0.045583 3.144657 -0.919733
v 0.024524 3.199502 -1.020157
v 0.001673 3.233276 -1.129123
v -0.022092 3.244679 -1.242444
v -0.045856 3.233275 -1.355766
v -0.068707 3.199502 -1.464732
v -0.089766 3.144656 -1.565156
v -0.108225 3.070847 -1.653178
v -0.123374 2.980910 -1.725416
v -0.134630 2.878301 -1.779094
v -0.141562 2.766964 -1.812148
v -0.923564 3.144657 -0.716497
v -0.944624 3.199502 -0.816921
v -0.905105 2.231511 -0.628474
v -0.923564 2.157702 -0.716496
v -0.967475 2.069083 -0.925887
v -0.878700 2.424057 -0.502558
v -0.889957 2.321448 -0.556236
v -0.871768 2.766966 -0.469503
v -0.869428 2.651179 -0.458342
v -0.871768 2.535393 -0.469503
v -0.944624 2.102856 -0.816920
v -0.905105 3.070848 -0.628474
v -0.889957 2.980911 -0.556236
v -0.878700 2.878302 -0.502558
v -0.967475 3.233276 -0.925887
v -1.037854 3.199502 -1.261496
v -0.991239 3.244679 -1.039208
v -0.991239 2.057679 -1.039208
v -1.015003 2.069083 -1.152529
v -1.015003 3.233275 -1.152529
v -1.037854 2.102856 -1.261495
v -1.077372 2.231511 -1.449942
v -1.058913 3.144656 -1.361920
v -1.077372 3.070847 -1.449942
v -1.058913 2.157702 -1.361919
v -1.092521 2.980910 -1.522180
v -1.092521 2.321448 -1.522180
v -1.103777 2.424057 -1.575857
v -1.110709 2.535393 -1.608912
v -1.103777 2.878301 -1.575858
v -1.110709 2.766964 -1.608912
v -1.113050 2.651179 -1.620073
v -0.918821 0.717546 -0.693880
v -0.941357 0.658858 -0.801342
v -0.899069 0.796529 -0.599689
v -0.918822 1.773668 -0.693881
v -0.863395 1.369508 -0.429578
v -0.870813 1.488647 -0.464949
v -0.860890 1.245607 -0.417635
v -0.882858 1.598446 -0.522389
v -0.965809 0.622717 -0.917945
v -0.899068 1.694686 -0.599690
v -0.941357 1.832357 -0.801342
v -0.870813 1.002568 -0.464949
v -0.882858 0.892768 -0.522389
v -0.863395 1.121707 -0.429578
v -0.991239 0.610514 -1.039208
v -1.016668 0.622717 -1.160471
v -0.965809 1.868497 -0.917946
v -1.041120 0.658858 -1.277073
v -1.041121 1.832357 -1.277074
v -1.016668 1.868497 -1.160471
v -0.991239 1.880700 -1.039208
v -1.083408 1.694685 -1.478727
v -1.063656 1.773668 -1.384536
v -1.083408 0.796529 -1.478726
v -1.063656 0.717546 -1.384535
v -1.099619 0.892768 -1.556027
v -1.099619 1.598445 -1.556027
v -1.111664 1.002568 -1.613466
v -1.111664 1.488646 -1.613467
v -1.119081 1.369507 -1.648837
v -1.119081 1.121707 -1.648837
v -1.121586 1.245607 -1.660781
v -0.798235 0.180474 -0.118857
v -0.785997 0.273925 -0.060496
v -0.791786 0.262808 -0.088103
v -0.792116 0.192994 -0.089677
v -0.787637 0.227199 -0.068315
v -0.785997 3.221363 -0.060496
v -0.798235 3.314814 -0.118857
v -0.794472 3.247398 -0.100912
v -0.787637 3.268088 -0.068315
v -0.792116 3.302294 -0.089677
v -1.196480 0.273925 -2.017919
v -1.184242 0.180474 -1.959558
v -1.190691 0.262808 -1.990313
v -1.194841 0.227199 -2.010100
v -1.190361 0.192994 -1.988739
v -1.184242 3.314814 -1.959558
v -1.196480 3.221363 -2.017919
v -1.188005 3.247398 -1.977504
v -1.190361 3.302294 -1.988739
v -1.194841 3.268088 -2.010100
v 1.171426 0.273925 -0.470980
v 1.159187 0.180474 -0.529340
v 1.169786 0.227199 -0.478799
v 1.165306 0.192994 -0.500160
v 1.159187 3.314814 -0.529340
v 1.171426 3.221363 -0.470980
v 1.165306 3.302294 -0.500160
v 1.169786 3.268088 -0.478799
v 0.773181 0.180474 -2.370042
v 0.760942 0.273925 -2.428402
v 0.767062 0.192994 -2.399222
v 0.762582 0.227199 -2.420583
v 0.760942 3.221363 -2.428402
v 0.773181 3.314814 -2.370042
v 0.762582 3.268088 -2.420583
v 0.767062 3.302294 -2.399222
v -0.114287 1.245607 -1.872017
v -0.111783 1.121707 -1.860074
v -0.104365 1.002568 -1.824703
v -0.092320 0.892768 -1.767263
v -0.076109 0.796529 -1.689963
v -0.056357 0.717546 -1.595772
v -0.033822 0.658858 -1.488310
v -0.009369 0.622717 -1.371707
v 0.016060 0.610514 -1.250444
v 0.041490 0.622717 -1.129182
v 0.065942 0.658858 -1.012579
v 0.088478 0.717546 -0.905117
v 0.108230 0.796529 -0.810926
v 0.124440 0.892768 -0.733625
v 0.136486 1.002568 -0.676186
v 0.143903 1.121707 -0.640815
v 0.146408 1.245607 -0.628871
v 0.143903 1.369508 -0.640815
v 0.136486 1.488647 -0.676186
v 0.124440 1.598446 -0.733626
v 0.108230 1.694686 -0.810926
v 0.088477 1.773668 -0.905117
v 0.065942 1.832357 -1.012579
v 0.041490 1.868497 -1.129182
v 0.016060 1.880701 -1.250445
v -0.009369 1.868497 -1.371708
v -0.033822 1.832357 -1.488311
v -0.056357 1.773668 -1.595773
v -0.076110 1.694685 -1.689963
v -0.092320 1.598445 -1.767264
v -0.104365 1.488646 -1.824703
v -0.111783 1.369507 -1.860074
v -1.008202 2.102856 -1.267713
v -0.985351 2.069083 -1.158747
v -0.961587 2.057679 -1.045426
v -0.937823 2.069083 -0.932105
v -0.914972 2.102856 -0.823138
v 0.417353 1.248313 -2.276845
v 0.420990 1.068403 -2.259502
v 0.431761 0.895407 -2.208142
v 0.449251 0.735973 -2.124737
v 0.472790 0.596228 -2.012492
v 0.501471 0.481542 -1.875722
v 0.534194 0.396323 -1.719682
v 0.569700 0.343845 -1.550369
v 0.606625 0.326126 -1.374289
v 0.643550 0.343845 -1.198210
v 0.679056 0.396323 -1.028896
v 0.711778 0.481542 -0.872856
v 0.740460 0.596228 -0.736086
v 0.763998 0.735973 -0.623842
v 0.781489 0.895407 -0.540437
v 0.792259 1.068403 -0.489076
v 0.795896 1.248313 -0.471734
v 0.792259 1.428223 -0.489076
v 0.781489 1.601219 -0.540437
v 0.763998 1.760653 -0.623842
v 0.740460 1.900399 -0.736087
v 0.711778 2.015084 -0.872857
v 0.679056 2.100304 -1.028897
v 0.643550 2.152781 -1.198210
v 0.606625 2.170501 -1.374290
v 0.569700 2.152781 -1.550370
v 0.534194 2.100303 -1.719683
v 0.501471 2.015083 -1.875723
v 0.472790 1.900397 -2.012493
v 0.449251 1.760652 -2.124737
v 0.431761 1.601218 -2.208142
v 0.420990 1.428221 -2.259503
v -1.178755 1.248313 -1.942131
v -1.175118 1.068403 -1.924789
v -1.164347 0.895407 -1.873428
v -1.146857 0.735973 -1.790023
v -1.123318 0.596228 -1.677779
v -1.094637 0.481542 -1.541008
v -1.061914 0.396323 -1.384969
v -1.026408 0.343845 -1.215656
v -0.989483 0.326126 -1.039576
v -0.952558 0.343845 -0.863496
v -0.917052 0.396323 -0.694183
v -0.884330 0.481542 -0.538143
v -0.855648 0.596228 -0.401373
v -0.832110 0.735973 -0.289128
v -0.814619 0.895407 -0.205723
v -0.803849 1.068403 -0.154363
v -0.800212 1.248313 -0.137020
v -0.803849 1.428223 -0.154363
v -0.814620 1.601219 -0.205724
v -0.832110 1.760653 -0.289129
v -0.855648 1.900399 -0.401373
v -0.884330 2.015084 -0.538143
v -0.917053 2.100304 -0.694183
v -1.061915 2.100303 -1.384970
v -1.094637 2.015083 -1.541010
v -1.123319 1.900397 -1.677780
v -1.146857 1.760652 -1.790024
v -1.164347 1.601218 -1.873429
v -1.175118 1.428221 -1.924789
v -1.239137 1.248313 -1.840241
v -1.204622 1.248313 -1.936707
v -1.235845 1.085440 -1.824541
v -1.200985 1.068403 -1.919364
v -1.226094 0.928826 -1.778044
v -1.190215 0.895407 -1.868004
v -1.210260 0.784490 -1.702537
v -1.172724 0.735973 -1.784599
v -1.188951 0.657978 -1.600922
v -1.149186 0.596228 -1.672354
v -1.162985 0.554153 -1.477103
v -1.120504 0.481542 -1.535584
v -1.133361 0.477004 -1.335840
v -1.087782 0.396323 -1.379544
v -1.101218 0.429495 -1.182560
v -1.052276 0.343845 -1.210231
v -1.067789 0.413454 -1.023154
v -1.015351 0.326126 -1.034151
v -1.034361 0.429495 -0.863749
v -0.978426 0.343845 -0.858071
v -1.002217 0.477003 -0.710469
v -0.942920 0.396323 -0.688758
v -0.972593 0.554153 -0.569206
v -0.910197 0.481542 -0.532718
v -0.946628 0.657978 -0.445387
v -0.881516 0.596228 -0.395948
v -0.925319 0.784490 -0.343772
v -0.857977 0.735973 -0.283704
v -0.909484 0.928826 -0.268265
v -0.840487 0.895407 -0.200299
v -0.899734 1.085440 -0.221768
v -0.829716 1.068403 -0.148938
v -0.896441 1.248314 -0.206068
v -0.826079 1.248313 -0.131596
v -0.899734 1.411187 -0.221768
v -0.829716 1.428223 -0.148938
v -0.909485 1.567800 -0.268265
v -0.840487 1.601219 -0.200299
v -0.925319 1.712137 -0.343772
v -0.857978 1.760653 -0.283704
v -0.946628 1.838648 -0.445388
v -0.881516 1.900399 -0.395949
v -0.972594 1.942474 -0.569206
v -0.910197 2.015084 -0.532719
v -1.002217 2.019623 -0.710470
v -0.942920 2.100304 -0.688759
v -1.034361 2.067131 -0.863750
v -1.101218 2.067131 -1.182561
v -1.133362 2.019622 -1.335841
v -1.087782 2.100303 -1.379545
v -1.162985 1.942473 -1.477104
v -1.120504 2.015083 -1.535585
v -1.188951 1.838647 -1.600923
v -1.149186 1.900397 -1.672355
v -1.210260 1.712135 -1.702538
v -1.172724 1.760652 -1.784599
v -1.226094 1.567799 -1.778044
v -1.190215 1.601218 -1.868004
v -1.235845 1.411185 -1.824541
v -1.200985 1.428221 -1.919364
v -0.998512 2.152781 -1.221507
v -1.016923 2.125569 -1.309301
v -1.044820 2.125569 -1.303451
v -1.082523 2.102857 -1.252128
v -1.070687 2.125569 -1.298027
v -0.906250 2.125569 -0.781550
v -0.989293 2.102856 -0.807553
v -0.924662 2.152781 -0.869347
v -0.934147 2.125569 -0.775700
v -0.960015 2.125569 -0.770276
v -0.961587 2.170501 -1.045427
v -1.092925 2.071110 -1.143017
v -1.091553 2.069083 -1.136476
v -1.091344 2.084409 -1.188143
v -1.023077 2.084409 -0.862604
v -1.042653 2.071110 -0.903292
v -1.044025 2.069083 -0.909833
v -1.067789 2.057679 -1.023154
v -1.042360 0.622717 -0.901892
v -0.995372 0.717546 -0.677827
v -1.017908 0.658858 -0.785289
v -0.975619 0.796529 -0.583636
v -0.959409 0.892768 -0.506335
v -0.947364 1.002568 -0.448896
v -0.939946 1.121707 -0.413525
v -0.937442 1.245607 -0.401582
v -0.939946 1.369508 -0.413525
v -0.947364 1.488647 -0.448896
v -0.959409 1.598446 -0.506336
v -0.975620 1.694686 -0.583636
v -0.995372 1.773668 -0.677827
v -1.017908 1.832357 -0.785289
v -1.067789 0.610514 -1.023155
v -1.093219 0.622717 -1.144417
v -1.117671 0.658858 -1.261020
v -1.093219 1.868497 -1.144418
v -1.117671 1.832357 -1.261021
v -1.067789 1.880701 -1.023155
v -1.042360 1.868497 -0.901892
v -1.140207 0.717546 -1.368482
v -1.159959 0.796529 -1.462673
v -1.140207 1.773668 -1.368483
v -1.159959 1.694685 -1.462674
v -1.176169 0.892768 -1.539974
v -1.176170 1.598445 -1.539974
v -1.188215 1.002568 -1.597413
v -1.188215 1.488646 -1.597413
v -1.195632 1.369507 -1.632784
v -1.195632 1.121707 -1.632784
v -1.198137 1.245607 -1.644727
v -0.102395 2.651179 -1.832013
v -0.100055 2.535393 -1.820852
v -0.093123 2.424057 -1.787798
v -0.081866 2.321448 -1.734120
v -0.066718 2.231511 -1.661882
v -0.048259 2.157702 -1.573859
v -0.027199 2.102856 -1.473436
v -0.004348 2.069083 -1.364469
v 0.019416 2.057679 -1.251148
v 0.043180 2.069083 -1.137827
v 0.066031 2.102856 -1.028861
v 0.087090 2.157702 -0.928437
v 0.105549 2.231511 -0.840414
v 0.120698 2.321448 -0.768176
v 0.131954 2.424057 -0.714498
v 0.138886 2.535393 -0.681444
v 0.141227 2.651179 -0.670283
v 0.138886 2.766966 -0.681444
v 0.131954 2.878302 -0.714499
v 0.120698 2.980911 -0.768176
v 0.105549 3.070848 -0.840414
v 0.087090 3.144657 -0.928437
v 0.066031 3.199502 -1.028861
v 0.043180 3.233276 -1.137827
v 0.019416 3.244679 -1.251149
v -0.004348 3.233275 -1.364470
v -0.027199 3.199502 -1.473436
v -0.048259 3.144656 -1.573860
v -0.066718 3.070847 -1.661882
v -0.081866 2.980910 -1.734120
v -0.093123 2.878301 -1.787798
v -0.100055 2.766964 -1.820853
v -1.121540 2.651179 -1.618293
v -1.119200 2.535393 -1.607131
v -1.112268 2.424057 -1.574077
v -1.101011 2.321448 -1.520399
v -1.085863 2.231511 -1.448161
v -1.067404 2.157702 -1.360139
v -1.046344 2.102856 -1.259715
v -1.023493 2.069083 -1.150748
v -0.999729 2.057679 -1.037427
v -0.975965 2.069083 -0.924106
v -0.953114 2.102856 -0.815140
v -0.932055 2.157702 -0.714716
v -0.913596 2.231511 -0.626693
v -0.898447 2.321448 -0.554455
v -0.887190 2.424057 -0.500777
v -0.880259 2.535393 -0.467723
v -0.877918 2.651179 -0.456562
v -0.880259 2.766966 -0.467723
v -0.887190 2.878302 -0.500778
v -0.898447 2.980911 -0.554455
v -0.913596 3.070848 -0.626694
v -0.932055 3.144657 -0.714716
v -0.953114 3.199502 -0.815140
v -0.975965 3.233276 -0.924106
v -0.999729 3.244679 -1.037428
v -1.023493 3.233275 -1.150749
v -1.046344 3.199502 -1.259715
v -1.067404 3.144656 -1.360139
v -1.085863 3.070847 -1.448162
v -1.101011 2.980910 -1.520400
v -1.112268 2.878301 -1.574077
v -1.119200 2.766964 -1.607132
v -0.949538 2.651179 -1.263613
v -0.948706 2.610002 -1.259643
v -0.946241 2.570406 -1.247888
v -0.942238 2.533916 -1.228798
v -0.936850 2.501931 -1.203108
v -0.930286 2.475682 -1.171804
v -0.922796 2.456177 -1.136090
v -0.914670 2.444166 -1.097338
v -0.906218 2.440110 -1.057037
v -0.897767 2.444166 -1.016736
v -0.889640 2.456177 -0.977984
v -0.882151 2.475682 -0.942270
v -0.875586 2.501931 -0.910966
v -0.870199 2.533916 -0.885276
v -0.866196 2.570407 -0.866186
v -0.863730 2.610002 -0.854431
v -0.862898 2.651179 -0.850461
v -0.863731 2.692357 -0.854431
v -0.866196 2.731952 -0.866186
v -0.870199 2.768443 -0.885276
v -0.875586 2.800428 -0.910966
v -0.882151 2.826677 -0.942270
v -0.889640 2.846181 -0.977984
v -0.897767 2.858192 -1.016736
v -0.906218 2.862248 -1.057037
v -0.914670 2.858192 -1.097338
v -0.922796 2.846181 -1.136090
v -0.930286 2.826676 -1.171804
v -0.936850 2.800427 -1.203108
v -0.942238 2.768443 -1.228799
v -0.946241 2.731951 -1.247888
v -0.948706 2.692356 -1.259643
v -0.967707 2.651179 -1.055007
v -0.959642 2.651179 -1.230798
v -0.958928 2.615863 -1.227393
v -0.967665 2.649105 -1.054808
v -0.956814 2.581903 -1.217311
v -0.967541 2.647110 -1.054215
v -0.953381 2.550606 -1.200939
v -0.967339 2.645271 -1.053254
v -0.948760 2.523174 -1.178905
v -0.967068 2.643660 -1.051959
v -0.943130 2.500661 -1.152057
v -0.966737 2.642337 -1.050382
v -0.936706 2.483933 -1.121426
v -0.966360 2.641355 -1.048583
v -0.929737 2.473631 -1.088190
v -0.965951 2.640750 -1.046630
v -0.922488 2.470153 -1.053625
v -0.965525 2.640545 -1.044600
v -0.915240 2.473631 -1.019060
v -0.965099 2.640750 -1.042570
v -0.908270 2.483933 -0.985824
v -0.964690 2.641355 -1.040617
v -0.901846 2.500661 -0.955193
v -0.964312 2.642338 -1.038818
v -0.896216 2.523174 -0.928345
v -0.963982 2.643660 -1.037241
v -0.891596 2.550606 -0.906311
v -0.963710 2.645271 -1.035947
v -0.888162 2.581903 -0.889939
v -0.963508 2.647110 -1.034985
v -0.886048 2.615863 -0.879857
v -0.963384 2.649105 -1.034393
v -0.885334 2.651179 -0.876453
v -0.963342 2.651179 -1.034193
v -0.886048 2.686496 -0.879857
v -0.963384 2.653254 -1.034393
v -0.888162 2.720455 -0.889939
v -0.963508 2.655249 -1.034985
v -0.891596 2.751752 -0.906312
v -0.963710 2.657087 -1.035947
v -0.896216 2.779184 -0.928345
v -0.963982 2.658699 -1.037241
v -0.901846 2.801697 -0.955193
v -0.964312 2.660021 -1.038818
v -0.908270 2.818426 -0.985824
v -0.964690 2.661004 -1.040617
v -0.915240 2.828727 -1.019061
v -0.965099 2.661609 -1.042570
v -0.922488 2.832206 -1.053625
v -0.965525 2.661813 -1.044600
v -0.929737 2.828727 -1.088190
v -0.965951 2.661609 -1.046630
v -0.936707 2.818426 -1.121426
v -0.966360 2.661004 -1.048583
v -0.943130 2.801697 -1.152057
v -0.966737 2.660021 -1.050382
v -0.948760 2.779184 -1.178905
v -0.967068 2.658698 -1.051959
v -0.953381 2.751752 -1.200939
v -0.967339 2.657087 -1.053253
v -0.956814 2.720455 -1.217311
v -0.967541 2.655249 -1.054215
v -0.958928 2.686495 -1.227393
v -0.967665 2.653253 -1.054808
v -0.114287 1.245607 -1.872017
v -0.111783 1.121707 -1.860074
v -0.104365 1.002568 -1.824703
v -0.092320 0.892768 -1.767263
v -0.076109 0.796529 -1.689963
v -0.056357 0.717546 -1.595772
v -0.033822 0.658858 -1.488310
v -0.009369 0.622717 -1.371707
v 0.016060 0.610514 -1.250444
v 0.041490 0.622717 -1.129182
v 0.065942 0.658858 -1.012579
v 0.088477 0.717546 -0.905117
v 0.108230 0.796529 -0.810926
v 0.124440 0.892768 -0.733625
v 0.136486 1.002568 -0.676186
v 0.143903 1.121707 -0.640815
v 0.146408 1.245607 -0.628871
v 0.143903 1.369508 -0.640815
v 0.136486 1.488647 -0.676186
v 0.124440 1.598446 -0.733626
v 0.108230 1.694686 -0.810926
v 0.088477 1.773668 -0.905117
v 0.065942 1.832357 -1.012579
v 0.041490 1.868497 -1.129182
v 0.016060 1.880700 -1.250445
v -0.009369 1.868497 -1.371708
v -0.033822 1.832357 -1.488311
v -0.056357 1.773668 -1.595773
v -0.076110 1.694685 -1.689963
v -0.092320 1.598445 -1.767264
v -0.104365 1.488646 -1.824703
v -0.111783 1.369507 -1.860074
v -1.209578 1.245607 -1.642328
v -1.207073 1.121707 -1.630385
v -1.199656 1.002568 -1.595014
v -1.187610 0.892768 -1.537574
v -1.171400 0.796529 -1.460274
v -1.151647 0.717546 -1.366083
v -1.129112 0.658858 -1.258621
v -1.104660 0.622717 -1.142018
v -1.079230 0.610514 -1.020755
v -1.053801 0.622717 -0.899493
v -1.029348 0.658858 -0.782890
v -1.006813 0.717546 -0.675428
v -0.987060 0.796529 -0.581237
v -0.970850 0.892768 -0.503936
v -0.958805 1.002568 -0.446497
v -0.951387 1.121707 -0.411126
v -0.948883 1.245607 -0.399182
v -0.951387 1.369508 -0.411126
v -0.958805 1.488647 -0.446497
v -0.970850 1.598446 -0.503937
v -0.987061 1.694686 -0.581237
v -1.006813 1.773668 -0.675428
v -1.029348 1.832357 -0.782890
v -1.053801 1.868497 -0.899493
v -1.079230 1.880700 -1.020756
v -1.104660 1.868497 -1.142019
v -1.129112 1.832357 -1.258622
v -1.151648 1.773668 -1.366083
v -1.171400 1.694685 -1.460274
v -1.187610 1.598445 -1.537575
v -1.199656 1.488646 -1.595014
v -1.207073 1.369507 -1.630385
v -1.201330 1.245607 -1.551655
v -1.199182 1.139350 -1.541412
v -1.192821 1.037176 -1.511078
v -1.182490 0.943012 -1.461818
v -1.168588 0.860476 -1.395525
v -1.151649 0.792741 -1.314746
v -1.132322 0.742409 -1.222587
v -1.111352 0.711415 -1.122588
v -1.089544 0.700950 -1.018592
v -1.067735 0.711415 -0.914597
v -1.046765 0.742409 -0.814598
v -1.027438 0.792741 -0.722439
v -1.010499 0.860476 -0.641660
v -0.996597 0.943012 -0.575367
v -0.986266 1.037176 -0.526107
v -0.979905 1.139350 -0.495772
v -0.977757 1.245607 -0.485530
v -0.979905 1.351865 -0.495773
v -0.986266 1.454039 -0.526107
v -0.996597 1.548203 -0.575367
v -1.010499 1.630739 -0.641661
v -1.027438 1.698474 -0.722439
v -1.046765 1.748805 -0.814599
v -1.067735 1.779800 -0.914598
v -1.089544 1.790265 -1.018593
v -1.111352 1.779799 -1.122588
v -1.132322 1.748805 -1.222587
v -1.151649 1.698473 -1.314747
v -1.168589 1.630738 -1.395525
v -1.182491 1.548202 -1.461818
v -1.192821 1.454038 -1.511078
v -1.199182 1.351864 -1.541413
v -0.908573 1.245608 -1.279152
v -0.907713 1.203103 -1.275055
v -0.905169 1.162232 -1.262920
v -0.901037 1.124566 -1.243216
v -0.895476 1.091550 -1.216697
v -0.888700 1.064455 -1.184385
v -0.880969 1.044322 -1.147521
v -0.872580 1.031924 -1.107520
v -0.863857 1.027738 -1.065920
v -0.855133 1.031924 -1.024321
v -0.846745 1.044322 -0.984320
v -0.839014 1.064455 -0.947455
v -0.832238 1.091550 -0.915143
v -0.826677 1.124565 -0.888625
v -0.822545 1.162232 -0.868920
v -0.820000 1.203103 -0.856786
v -0.819141 1.245607 -0.852689
v -0.820000 1.288111 -0.856786
v -0.822545 1.328982 -0.868920
v -0.826677 1.366650 -0.888625
v -0.832238 1.399664 -0.915143
v -0.839014 1.426759 -0.947455
v -0.846745 1.446892 -0.984320
v -0.855133 1.459291 -1.024321
v -0.863857 1.463477 -1.065921
v -0.872580 1.459290 -1.107520
v -0.880969 1.446892 -1.147521
v -0.888700 1.426759 -1.184386
v -0.895476 1.399664 -1.216698
v -0.901037 1.366649 -1.243216
v -0.905169 1.328982 -1.262920
v -0.907714 1.288110 -1.275055
v -0.983608 1.245615 -1.047275
v -0.944203 1.245610 -1.245849
v -0.943444 1.208036 -1.242227
v -0.983583 1.244378 -1.047156
v -0.941194 1.171908 -1.231501
v -0.983509 1.243190 -1.046803
v -0.937542 1.138613 -1.214083
v -0.983377 1.242096 -1.046233
v -0.932625 1.109426 -1.190641
v -0.983238 1.241130 -1.045452
v -0.926636 1.085475 -1.162078
v -0.983029 1.240344 -1.044517
v -0.919802 1.067680 -1.129494
v -0.982807 1.239765 -1.043458
v -0.912387 1.056720 -1.094133
v -0.982562 1.239403 -1.042289
v -0.904676 1.053019 -1.057360
v -0.982308 1.239281 -1.041077
v -0.896964 1.056720 -1.020588
v -0.982055 1.239403 -1.039873
v -0.889549 1.067679 -0.985229
v -0.981811 1.239763 -1.038711
v -0.882715 1.085477 -0.952641
v -0.981586 1.240349 -1.037637
v -0.876726 1.109428 -0.924078
v -0.981401 1.241135 -1.036697
v -0.871810 1.138611 -0.900638
v -0.981217 1.242093 -1.035933
v -0.868158 1.171907 -0.883220
v -0.981109 1.243186 -1.035358
v -0.865908 1.208035 -0.872494
v -0.981035 1.244372 -1.035006
v -0.865148 1.245607 -0.868872
v -0.981010 1.245606 -1.034887
v -0.865908 1.283179 -0.872494
v -0.981035 1.246840 -1.035006
v -0.868157 1.319309 -0.883220
v -0.981109 1.248034 -1.035360
v -0.871810 1.352606 -0.900639
v -0.981230 1.249131 -1.035934
v -0.876725 1.381789 -0.924078
v -0.981390 1.250084 -1.036700
v -0.882715 1.405738 -0.952640
v -0.981586 1.250867 -1.037634
v -0.889549 1.423536 -0.985228
v -0.981811 1.251454 -1.038707
v -0.896964 1.434496 -1.020589
v -0.982056 1.251816 -1.039876
v -0.904675 1.438197 -1.057361
v -0.982309 1.251937 -1.041081
v -0.912387 1.434496 -1.094133
v -0.982562 1.251816 -1.042287
v -0.919802 1.423536 -1.129493
v -0.982806 1.251454 -1.043453
v -0.926636 1.405740 -1.162079
v -0.983030 1.250871 -1.044522
v -0.932625 1.381789 -1.190642
v -0.983227 1.250085 -1.045459
v -0.937541 1.352605 -1.214083
v -0.983388 1.249128 -1.046227
v -0.941194 1.319309 -1.231501
v -0.983508 1.248033 -1.046800
v -0.943444 1.283175 -1.242228
v -0.983583 1.246829 -1.047158
v -1.214151 1.130528 -1.583587
v -1.216477 1.245607 -1.594680
v -1.207261 1.019872 -1.550734
v -1.196073 0.917890 -1.497385
v -1.181017 0.828502 -1.425588
v -1.162671 0.755144 -1.338103
v -1.141740 0.700633 -1.238292
v -1.119029 0.667066 -1.129991
v -1.095410 0.655732 -1.017362
v -1.071791 0.667066 -0.904733
v -1.049080 0.700633 -0.796432
v -1.028149 0.755144 -0.696622
v -1.009803 0.828502 -0.609137
v -0.994746 0.917890 -0.537340
v -0.983558 1.019872 -0.483990
v -0.976669 1.130528 -0.451138
v -0.974343 1.245607 -0.440045
v -0.976669 1.360686 -0.451138
v -0.983559 1.471343 -0.483990
v -0.994746 1.573325 -0.537340
v -1.009803 1.662712 -0.609137
v -1.028149 1.736071 -0.696622
v -1.049080 1.790581 -0.796433
v -1.071791 1.824149 -0.904734
v -1.095410 1.835483 -1.017363
v -1.119029 1.824148 -1.129992
v -1.141740 1.790581 -1.238293
v -1.162671 1.736070 -1.338104
v -1.181017 1.662712 -1.425588
v -1.196074 1.573324 -1.497385
v -1.207261 1.471342 -1.550735
v -1.214151 1.360685 -1.583587
v -1.060110 0.238810 -0.916983
v -1.060110 0.505970 -0.916983
v -1.103411 0.238810 -1.123466
v -1.103411 0.505970 -1.123466
v -0.929784 0.238810 -0.944313
v -0.929784 0.505970 -0.944313
v -0.973085 0.238810 -1.150797
v -0.973085 0.505970 -1.150797
vt 0.296822 0.485388
vt 0.341844 0.471731
vt 0.383337 0.449553
vt 0.419706 0.419706
vt 0.449553 0.383337
vt 0.471731 0.341844
vt 0.485388 0.296822
vt 0.490000 0.250000
vt 0.485388 0.203178
vt 0.471731 0.158156
vt 0.449553 0.116663
vt 0.419706 0.080294
vt 0.383337 0.050447
vt 0.341844 0.028269
vt 0.296822 0.014612
vt 0.250000 0.010000
vt 0.203178 0.014612
vt 0.158156 0.028269
vt 0.116663 0.050447
vt 0.080294 0.080294
vt 0.050447 0.116663
vt 0.028269 0.158156
vt 0.014611 0.203179
vt 0.010000 0.250000
vt 0.014612 0.296822
vt 0.028269 0.341844
vt 0.050447 0.383337
vt 0.080295 0.419706
vt 0.116663 0.449553
vt 0.158156 0.471731
vt 0.203179 0.485389
vt 0.250000 0.490000
vt 0.296822 0.485388
vt 0.341844 0.471731
vt 0.383337 0.449553
vt 0.419706 0.419706
vt 0.449553 0.383337
vt 0.471731 0.341844
vt 0.485388 0.296822
vt 0.490000 0.250000
vt 0.485388 0.203178
vt 0.471731 0.158156
vt 0.449553 0.116663
vt 0.419706 0.080294
vt 0.383337 0.050447
vt 0.341844 0.028269
vt 0.296822 0.014612
vt 0.250000 0.010000
vt 0.203178 0.014612
vt 0.158156 0.028269
vt 0.116663 0.050447
vt 0.080294 0.080294
vt 0.050447 0.116663
vt 0.028269 0.158156
vt 0.014611 0.203179
vt 0.010000 0.250000
vt 0.014612 0.296822
vt 0.028269 0.341844
vt 0.050447 0.383337
vt 0.080295 0.419706
vt 0.116663 0.449553
vt 0.158156 0.471731
vt 0.203179 0.485389
vt 0.250000 0.490000
vt 0.751486 0.134204
vt 0.751486 0.869993
vt 0.751486 0.869993
vt 0.751486 0.134204
vt 0.278646 0.596400
vt 0.278982 0.595143
vt 0.279903 0.594222
vt 0.281161 0.593885
vt 0.360492 0.593885
vt 0.361749 0.594222
vt 0.362670 0.595143
vt 0.363007 0.596400
vt 0.363007 0.675731
vt 0.362670 0.676989
vt 0.361749 0.677910
vt 0.360492 0.678247
vt 0.281161 0.678247
vt 0.279903 0.677910
vt 0.278982 0.676989
vt 0.278646 0.675731
vt 0.262125 0.893322
vt 0.257501 0.876492
vt 0.349606 0.727654
vt 0.352482 0.756558
vt 0.360999 0.784352
vt 0.374831 0.809967
vt 0.393446 0.832419
vt 0.416128 0.850844
vt 0.442006 0.864536
vt 0.470085 0.872967
vt 0.499286 0.875814
vt 0.528487 0.872967
vt 0.556566 0.864536
vt 0.582444 0.850844
vt 0.605126 0.832419
vt 0.623741 0.809967
vt 0.637573 0.784352
vt 0.646091 0.756559
vt 0.648967 0.727654
vt 0.741071 0.876492
vt 0.736447 0.893322
vt 0.755757 0.131429
vt 0.763034 0.134267
vt 0.763034 0.886902
vt 0.752381 0.893550
vt 0.658168 0.741305
vt 0.655226 0.711738
vt 0.646513 0.683308
vt 0.632364 0.657107
vt 0.613323 0.634141
vt 0.590122 0.615294
vt 0.563652 0.601289
vt 0.534930 0.592665
vt 0.505060 0.589753
vt 0.475190 0.592665
vt 0.446468 0.601289
vt 0.419998 0.615294
vt 0.396797 0.634141
vt 0.377756 0.657107
vt 0.363607 0.683308
vt 0.354895 0.711738
vt 0.351953 0.741305
vt 0.257739 0.893550
vt 0.247087 0.886902
vt 0.247087 0.134267
vt 0.254363 0.131429
vt 0.341223 0.382389
vt 0.344371 0.414027
vt 0.353694 0.444449
vt 0.368834 0.472487
vt 0.389210 0.497062
vt 0.414037 0.517230
vt 0.442362 0.532216
vt 0.473097 0.541445
vt 0.505060 0.544561
vt 0.537023 0.541445
vt 0.567758 0.532216
vt 0.596083 0.517230
vt 0.620911 0.497062
vt 0.641286 0.472487
vt 0.656426 0.444449
vt 0.665749 0.414027
vt 0.668897 0.382389
vt 0.247087 0.134204
vt 0.247087 0.869993
vt 0.247087 0.869993
vt 0.247087 0.134204
vt 0.718750 0.524529
vt 0.718750 1.000000
vt 0.750000 1.000000
vt 0.750000 0.524529
vt 0.625000 0.524529
vt 0.625000 1.000000
vt 0.656250 1.000000
vt 0.656250 0.524529
vt 0.687500 1.000000
vt 0.687500 0.524529
vt 0.218750 0.524529
vt 0.218750 1.000000
vt 0.250000 1.000000
vt 0.250000 0.524529
vt 0.781250 0.524529
vt 0.781250 1.000000
vt 0.812500 1.000000
vt 0.812500 0.524529
vt 0.843750 0.524529
vt 0.843750 1.000000
vt 0.875000 1.000000
vt 0.875000 0.524529
vt 0.000000 0.524529
vt 0.000000 1.000000
vt 0.031250 1.000000
vt 0.031250 0.524529
vt 0.468750 0.524529
vt 0.468750 1.000000
vt 0.500000 1.000000
vt 0.500000 0.524529
vt 0.156250 0.524529
vt 0.156250 1.000000
vt 0.187500 1.000000
vt 0.187500 0.524529
vt 0.531250 1.000000
vt 0.531250 0.524529
vt 0.062500 1.000000
vt 0.062500 0.524529
vt 0.906250 1.000000
vt 0.906250 0.524529
vt 0.406250 0.524529
vt 0.406250 1.000000
vt 0.437500 1.000000
vt 0.437500 0.524529
vt 0.937500 1.000000
vt 0.937500 0.524529
vt 0.593750 0.524529
vt 0.593750 1.000000
vt 0.093750 0.524529
vt 0.093750 1.000000
vt 0.125000 1.000000
vt 0.125000 0.524529
vt 0.562500 0.524529
vt 0.562500 1.000000
vt 0.375000 0.524529
vt 0.375000 1.000000
vt 0.312500 0.524529
vt 0.312500 1.000000
vt 0.343750 1.000000
vt 0.343750 0.524529
vt 0.968750 0.524529
vt 0.968750 1.000000
vt 1.000000 1.000000
vt 1.000000 0.524529
vt 0.281250 1.000000
vt 0.281250 0.524529
vt 0.262125 0.893322
vt 0.736447 0.893322
vt 0.718750 0.538177
vt 0.718750 1.000000
vt 0.750000 1.000000
vt 0.750000 0.538177
vt 0.625000 0.538177
vt 0.625000 1.000000
vt 0.656250 1.000000
vt 0.656250 0.538177
vt 0.687500 1.000000
vt 0.687500 0.538177
vt 0.218750 0.538177
vt 0.218750 1.000000
vt 0.250000 1.000000
vt 0.250000 0.538177
vt 0.781250 0.538177
vt 0.781250 1.000000
vt 0.812500 1.000000
vt 0.812500 0.538177
vt 0.843750 0.538177
vt 0.843750 1.000000
vt 0.875000 1.000000
vt 0.875000 0.538177
vt 0.000000 0.538177
vt 0.000000 1.000000
vt 0.031250 1.000000
vt 0.031250 0.538177
vt 0.468750 0.538177
vt 0.468750 1.000000
vt 0.500000 1.000000
vt 0.500000 0.538177
vt 0.156250 0.538177
vt 0.156250 1.000000
vt 0.187500 1.000000
vt 0.187500 0.538177
vt 0.531250 1.000000
vt 0.531250 0.538177
vt 0.062500 1.000000
vt 0.062500 0.538177
vt 0.906250 1.000000
vt 0.906250 0.538177
vt 0.406250 0.538177
vt 0.406250 1.000000
vt 0.437500 1.000000
vt 0.437500 0.538177
vt 0.937500 1.000000
vt 0.937500 0.538177
vt 0.593750 0.538177
vt 0.593750 1.000000
vt 0.093750 0.538177
vt 0.093750 1.000000
vt 0.125000 1.000000
vt 0.125000 0.538177
vt 0.562500 0.538177
vt 0.562500 1.000000
vt 0.375000 0.538177
vt 0.375000 1.000000
vt 0.312500 0.538177
vt 0.312500 1.000000
vt 0.343750 1.000000
vt 0.343750 0.538177
vt 0.968750 0.538177
vt 0.968750 1.000000
vt 1.000000 1.000000
vt 1.000000 0.538177
vt 0.281250 1.000000
vt 0.281250 0.538177
vt 0.262125 0.871460
vt 0.262125 0.871460
vt 0.736447 0.871460
vt 0.736447 0.871460
vt 0.736447 0.110875
vt 0.743966 0.114000
vt 0.744372 0.131429
vt 0.749471 0.122539
vt 0.749471 0.881657
vt 0.743966 0.890196
vt 0.249101 0.122539
vt 0.254200 0.131429
vt 0.254606 0.114000
vt 0.262125 0.110875
vt 0.254606 0.890196
vt 0.249101 0.881657
vt 0.262125 0.110875
vt 0.254606 0.114000
vt 0.249101 0.122539
vt 0.254606 0.890196
vt 0.249101 0.881657
vt 0.736447 0.110875
vt 0.743966 0.114000
vt 0.749471 0.122539
vt 0.743966 0.890196
vt 0.749471 0.881657
vt 0.656978 0.247224
vt 0.653901 0.229346
vt 0.644786 0.212154
vt 0.629985 0.196311
vt 0.610066 0.182424
vt 0.585794 0.171027
vt 0.558103 0.162559
vt 0.528056 0.157344
vt 0.496808 0.155583
vt 0.465561 0.157344
vt 0.435514 0.162559
vt 0.407822 0.171027
vt 0.383551 0.182424
vt 0.363632 0.196311
vt 0.348830 0.212154
vt 0.339716 0.229346
vt 0.336638 0.247224
vt 0.251723 0.105410
vt 0.259647 0.093529
vt 0.733969 0.093529
vt 0.741894 0.105410
vt 0.296822 0.485388
vt 0.341844 0.471731
vt 0.383337 0.449553
vt 0.419706 0.419706
vt 0.449553 0.383337
vt 0.471731 0.341844
vt 0.485388 0.296822
vt 0.490000 0.250000
vt 0.485388 0.203178
vt 0.471731 0.158156
vt 0.449553 0.116663
vt 0.419706 0.080294
vt 0.383337 0.050447
vt 0.341844 0.028269
vt 0.296822 0.014612
vt 0.250000 0.010000
vt 0.203178 0.014612
vt 0.158156 0.028269
vt 0.116663 0.050447
vt 0.080294 0.080294
vt 0.050447 0.116663
vt 0.028269 0.158156
vt 0.014611 0.203179
vt 0.010000 0.250000
vt 0.014612 0.296822
vt 0.028269 0.341844
vt 0.050447 0.383337
vt 0.080295 0.419706
vt 0.116663 0.449553
vt 0.158156 0.471731
vt 0.203179 0.485389
vt 0.250000 0.490000
vt 1.000000 0.547376
vt 1.000000 1.000000
vt 0.968750 1.000000
vt 0.968750 0.547376
vt 0.937500 1.000000
vt 0.937500 0.547376
vt 0.906250 1.000000
vt 0.906250 0.547376
vt 0.875000 1.000000
vt 0.875000 0.547376
vt 0.843750 1.000000
vt 0.843750 0.547376
vt 0.812500 1.000000
vt 0.812500 0.547376
vt 0.781250 1.000000
vt 0.781250 0.547376
vt 0.750000 1.000000
vt 0.750000 0.547376
vt 0.718750 1.000000
vt 0.718750 0.547376
vt 0.687500 1.000000
vt 0.687500 0.547376
vt 0.656250 1.000000
vt 0.656250 0.547376
vt 0.625000 1.000000
vt 0.625000 0.547376
vt 0.593750 1.000000
vt 0.593750 0.547376
vt 0.562500 1.000000
vt 0.562500 0.547376
vt 0.531250 1.000000
vt 0.531250 0.547376
vt 0.500000 1.000000
vt 0.500000 0.547376
vt 0.468750 1.000000
vt 0.468750 0.547376
vt 0.437500 1.000000
vt 0.437500 0.547376
vt 0.406250 1.000000
vt 0.406250 0.547376
vt 0.375000 1.000000
vt 0.375000 0.547376
vt 0.343750 1.000000
vt 0.343750 0.547376
vt 0.312500 1.000000
vt 0.312500 0.547376
vt 0.281250 1.000000
vt 0.281250 0.555286
vt 0.297455 0.555286
vt 0.297455 0.547376
vt 0.187500 0.547376
vt 0.187500 1.000000
vt 0.156250 1.000000
vt 0.156250 0.547376
vt 0.125000 1.000000
vt 0.125000 0.547376
vt 0.093750 1.000000
vt 0.093750 0.547376
vt 0.062500 1.000000
vt 0.062500 0.547376
vt 0.296822 0.485388
vt 0.250000 0.490000
vt 0.203179 0.485389
vt 0.158156 0.471731
vt 0.116663 0.449553
vt 0.080295 0.419706
vt 0.050447 0.383337
vt 0.028269 0.341844
vt 0.014612 0.296822
vt 0.010000 0.250000
vt 0.014611 0.203179
vt 0.028269 0.158156
vt 0.050447 0.116663
vt 0.080294 0.080294
vt 0.116663 0.050447
vt 0.158156 0.028269
vt 0.203178 0.014612
vt 0.250000 0.010000
vt 0.296822 0.014612
vt 0.341844 0.028269
vt 0.383337 0.050447
vt 0.419706 0.080294
vt 0.449553 0.116663
vt 0.471731 0.158156
vt 0.485388 0.203178
vt 0.490000 0.250000
vt 0.485388 0.296822
vt 0.471731 0.341844
vt 0.449553 0.383337
vt 0.419706 0.419706
vt 0.383337 0.449553
vt 0.341844 0.471731
vt 0.031250 1.000000
vt 0.031250 0.547376
vt 0.000000 1.000000
vt 0.000000 0.547376
vt 0.271180 0.422359
vt 0.271180 0.422359
vt 0.266711 0.377447
vt 0.266711 0.377447
vt 0.271180 0.332535
vt 0.271180 0.332535
vt 0.284415 0.289348
vt 0.284415 0.289348
vt 0.284414 0.465545
vt 0.284414 0.465545
vt 0.305907 0.505346
vt 0.305907 0.505346
vt 0.334830 0.540231
vt 0.334830 0.540231
vt 0.370074 0.568861
vt 0.370074 0.568861
vt 0.410283 0.590135
vt 0.410283 0.590135
vt 0.588289 0.590135
vt 0.588289 0.590135
vt 0.567283 0.596442
vt 0.567283 0.596442
vt 0.628498 0.568861
vt 0.628498 0.568861
vt 0.663742 0.540231
vt 0.663742 0.540231
vt 0.692665 0.505346
vt 0.692665 0.505346
vt 0.714158 0.465545
vt 0.714158 0.465545
vt 0.727392 0.422359
vt 0.727392 0.422359
vt 0.731861 0.377447
vt 0.731861 0.377447
vt 0.727392 0.332535
vt 0.727392 0.332535
vt 0.714158 0.289349
vt 0.714158 0.289349
vt 0.692665 0.249548
vt 0.692665 0.249548
vt 0.663742 0.214662
vt 0.663742 0.214662
vt 0.628498 0.186033
vt 0.628498 0.186033
vt 0.588289 0.164759
vt 0.588289 0.164759
vt 0.544659 0.151658
vt 0.544659 0.151658
vt 0.750000 0.537598
vt 0.718750 0.537598
vt 0.781250 0.537598
vt 0.410283 0.164759
vt 0.410283 0.164759
vt 0.453913 0.151658
vt 0.453913 0.151658
vt 0.370074 0.186033
vt 0.370074 0.186033
vt 0.334831 0.214662
vt 0.334831 0.214662
vt 0.305907 0.249548
vt 0.305907 0.249548
vt 0.253039 0.374415
vt 0.257782 0.326744
vt 0.271830 0.280905
vt 0.294643 0.238659
vt 0.325344 0.201631
vt 0.362753 0.171242
vt 0.405433 0.148662
vt 0.451743 0.134757
vt 0.499905 0.130061
vt 0.499905 0.187739
vt 0.463268 0.191310
vt 0.428038 0.201888
vt 0.395571 0.219066
vt 0.367113 0.242183
vt 0.343758 0.270351
vt 0.326404 0.302488
vt 0.315717 0.337359
vt 0.312109 0.373623
vt 0.315717 0.409887
vt 0.326404 0.444757
vt 0.343758 0.476894
vt 0.367113 0.505063
vt 0.395571 0.528180
vt 0.428038 0.545357
vt 0.463267 0.555935
vt 0.499905 0.559507
vt 0.499905 0.611306
vt 0.465667 0.614644
vt 0.463691 0.615238
vt 0.451743 0.614073
vt 0.405433 0.600168
vt 0.362753 0.577587
vt 0.325344 0.547198
vt 0.294643 0.510170
vt 0.271830 0.467924
vt 0.257782 0.422085
vt 0.249377 0.371623
vt 0.254204 0.323154
vt 0.277537 0.327744
vt 0.273167 0.371624
vt 0.268500 0.276547
vt 0.290479 0.285551
vt 0.291716 0.233595
vt 0.311496 0.246665
vt 0.322958 0.195946
vt 0.339780 0.212582
vt 0.361028 0.165049
vt 0.374244 0.184611
vt 0.404460 0.142090
vt 0.413564 0.163826
vt 0.451588 0.127952
vt 0.456229 0.151027
vt 0.500598 0.123178
vt 0.500598 0.146705
vt 0.549609 0.127952
vt 0.544968 0.151027
vt 0.596737 0.142090
vt 0.587633 0.163826
vt 0.640169 0.165049
vt 0.626953 0.184611
vt 0.678239 0.195946
vt 0.661417 0.212582
vt 0.709481 0.233595
vt 0.689701 0.246665
vt 0.732697 0.276548
vt 0.710718 0.285551
vt 0.746993 0.323154
vt 0.723660 0.327744
vt 0.751820 0.371624
vt 0.728030 0.371624
vt 0.746992 0.420093
vt 0.723660 0.415503
vt 0.732697 0.466700
vt 0.710718 0.457696
vt 0.709481 0.509652
vt 0.689701 0.496582
vt 0.678239 0.547301
vt 0.661417 0.530665
vt 0.640169 0.578198
vt 0.626952 0.558637
vt 0.596736 0.601157
vt 0.587633 0.579421
vt 0.574047 0.607964
vt 0.562471 0.601845
vt 0.545904 0.596875
vt 0.544968 0.592220
vt 0.404460 0.601157
vt 0.361027 0.578198
vt 0.374244 0.558636
vt 0.413564 0.579421
vt 0.322958 0.547301
vt 0.339780 0.530665
vt 0.291715 0.509652
vt 0.311496 0.496581
vt 0.268500 0.466699
vt 0.290479 0.457696
vt 0.254204 0.420092
vt 0.277537 0.415503
vt 0.470085 0.582341
vt 0.470085 0.582341
vt 0.442006 0.590773
vt 0.442006 0.590773
vt 0.457343 0.586167
vt 0.468399 0.582847
vt 0.499286 0.579494
vt 0.499286 0.579494
vt 0.812500 0.678706
vt 0.812500 1.000000
vt 0.825441 1.000000
vt 0.825441 0.879401
vt 0.825441 0.767575
vt 0.455292 0.596875
vt 0.438726 0.601845
vt 0.427150 0.607964
vt 0.456229 0.592220
vt 0.462546 0.359027
vt 0.471731 0.341844
vt 0.485388 0.296822
vt 0.490000 0.250000
vt 0.485388 0.203178
vt 0.471731 0.158156
vt 0.462546 0.140973
vt 0.451543 0.177248
vt 0.444377 0.250000
vt 0.451543 0.322752
vt 0.528487 0.582341
vt 0.528487 0.582341
vt 0.674559 1.000000
vt 0.687500 1.000000
vt 0.687500 0.678706
vt 0.674559 0.767575
vt 0.674559 0.879401
vt 0.431289 0.596442
vt 0.431289 0.596442
vt 0.556566 0.590773
vt 0.556566 0.590773
vt 0.530173 0.582847
vt 0.541229 0.586167
vt 0.202546 0.547376
vt 0.202546 0.555287
vt 0.218750 0.555286
vt 0.218750 1.000000
vt 0.250000 0.555286
vt 0.250000 1.000000
vt 0.533961 0.593292
vt 0.467236 0.593292
vt 0.718750 0.503080
vt 0.718750 1.000000
vt 0.750000 1.000000
vt 0.750000 0.503080
vt 0.625000 0.503080
vt 0.625000 1.000000
vt 0.656250 1.000000
vt 0.656250 0.503080
vt 0.687500 1.000000
vt 0.687500 0.503080
vt 0.218750 0.503080
vt 0.218750 1.000000
vt 0.250000 1.000000
vt 0.250000 0.503080
vt 0.781250 0.503080
vt 0.781250 1.000000
vt 0.812500 1.000000
vt 0.812500 0.503080
vt 0.843750 0.503080
vt 0.843750 1.000000
vt 0.875000 1.000000
vt 0.875000 0.503080
vt 0.000000 0.503080
vt 0.000000 1.000000
vt 0.031250 1.000000
vt 0.031250 0.503080
vt 0.468750 0.503080
vt 0.468750 1.000000
vt 0.500000 1.000000
vt 0.500000 0.503080
vt 0.156250 0.503080
vt 0.156250 1.000000
vt 0.187500 1.000000
vt 0.187500 0.503080
vt 0.531250 1.000000
vt 0.531250 0.503080
vt 0.062500 1.000000
vt 0.062500 0.503080
vt 0.906250 1.000000
vt 0.906250 0.503080
vt 0.406250 0.503080
vt 0.406250 1.000000
vt 0.437500 1.000000
vt 0.437500 0.503080
vt 0.937500 1.000000
vt 0.937500 0.503080
vt 0.593750 0.503080
vt 0.593750 1.000000
vt 0.093750 0.503080
vt 0.093750 1.000000
vt 0.125000 1.000000
vt 0.125000 0.503080
vt 0.536542 0.555935
vt 0.571771 0.545357
vt 0.604238 0.528180
vt 0.632696 0.505063
vt 0.656051 0.476895
vt 0.673405 0.444758
vt 0.684092 0.409887
vt 0.687700 0.373623
vt 0.684092 0.337359
vt 0.673405 0.302488
vt 0.656051 0.270351
vt 0.632696 0.242183
vt 0.604239 0.219066
vt 0.571771 0.201888
vt 0.536542 0.191310
vt 0.548066 0.134757
vt 0.594376 0.148662
vt 0.637056 0.171242
vt 0.674466 0.201631
vt 0.705166 0.238659
vt 0.727979 0.280905
vt 0.742027 0.326744
vt 0.746771 0.374415
vt 0.742027 0.422086
vt 0.727979 0.467925
vt 0.705166 0.510171
vt 0.674465 0.547199
vt 0.637056 0.577587
vt 0.594376 0.600168
vt 0.548066 0.614073
vt 0.536119 0.615238
vt 0.534142 0.614644
vt 0.562500 0.503080
vt 0.562500 1.000000
vt 0.375000 0.503080
vt 0.375000 1.000000
vt 0.312500 0.503080
vt 0.312500 1.000000
vt 0.343750 1.000000
vt 0.343750 0.503080
vt 0.968750 0.503080
vt 0.968750 1.000000
vt 1.000000 1.000000
vt 1.000000 0.503080
vt 0.281250 1.000000
vt 0.281250 0.503080
vt 1.000000 0.500000
vt 1.000000 1.000000
vt 0.968750 1.000000
vt 0.968750 0.500000
vt 0.937500 1.000000
vt 0.937500 0.500000
vt 0.906250 1.000000
vt 0.906250 0.500000
vt 0.875000 1.000000
vt 0.875000 0.500000
vt 0.843750 1.000000
vt 0.843750 0.500000
vt 0.812500 1.000000
vt 0.812500 0.500000
vt 0.781250 1.000000
vt 0.781250 0.500000
vt 0.750000 1.000000
vt 0.750000 0.500000
vt 0.718750 1.000000
vt 0.718750 0.500000
vt 0.687500 1.000000
vt 0.687500 0.500000
vt 0.656250 1.000000
vt 0.656250 0.500000
vt 0.625000 1.000000
vt 0.625000 0.500000
vt 0.593750 1.000000
vt 0.593750 0.500000
vt 0.562500 1.000000
vt 0.562500 0.500000
vt 0.531250 1.000000
vt 0.531250 0.500000
vt 0.500000 1.000000
vt 0.500000 0.500000
vt 0.468750 1.000000
vt 0.468750 0.500000
vt 0.437500 1.000000
vt 0.437500 0.500000
vt 0.406250 1.000000
vt 0.406250 0.500000
vt 0.375000 1.000000
vt 0.375000 0.500000
vt 0.343750 1.000000
vt 0.343750 0.500000
vt 0.312500 1.000000
vt 0.312500 0.500000
vt 0.281250 1.000000
vt 0.281250 0.500000
vt 0.250000 1.000000
vt 0.250000 0.500000
vt 0.218750 1.000000
vt 0.218750 0.500000
vt 0.187500 1.000000
vt 0.187500 0.500000
vt 0.156250 1.000000
vt 0.156250 0.500000
vt 0.125000 1.000000
vt 0.125000 0.500000
vt 0.093750 1.000000
vt 0.093750 0.500000
vt 0.062500 1.000000
vt 0.062500 0.500000
vt 0.296822 0.485388
vt 0.250000 0.490000
vt 0.203179 0.485389
vt 0.158156 0.471731
vt 0.116663 0.449553
vt 0.080295 0.419706
vt 0.050447 0.383337
vt 0.028269 0.341844
vt 0.014612 0.296822
vt 0.010000 0.250000
vt 0.014611 0.203179
vt 0.028269 0.158156
vt 0.050447 0.116663
vt 0.080294 0.080294
vt 0.116663 0.050447
vt 0.158156 0.028269
vt 0.203178 0.014612
vt 0.250000 0.010000
vt 0.296822 0.014612
vt 0.341844 0.028269
vt 0.383337 0.050447
vt 0.419706 0.080294
vt 0.449553 0.116663
vt 0.471731 0.158156
vt 0.485388 0.203178
vt 0.490000 0.250000
vt 0.485388 0.296822
vt 0.471731 0.341844
vt 0.449553 0.383337
vt 0.419706 0.419706
vt 0.383337 0.449553
vt 0.341844 0.471731
vt 0.031250 1.000000
vt 0.031250 0.500000
vt 0.000000 1.000000
vt 0.000000 0.500000
vt 0.463401 0.727343
vt 0.464119 0.734553
vt 0.458042 0.735749
vt 0.457205 0.727343
vt 0.454356 0.716213
vt 0.453478 0.725037
vt 0.370668 0.725037
vt 0.373137 0.700225
vt 0.456957 0.707728
vt 0.380450 0.676367
vt 0.461180 0.699908
vt 0.392326 0.654379
vt 0.466864 0.693054
vt 0.408309 0.635107
vt 0.473790 0.687430
vt 0.427783 0.619291
vt 0.481692 0.683250
vt 0.450002 0.607538
vt 0.490266 0.680676
vt 0.474110 0.600301
vt 0.499182 0.679807
vt 0.499182 0.597857
vt 0.508098 0.680676
vt 0.524254 0.600301
vt 0.516672 0.683250
vt 0.548362 0.607538
vt 0.524574 0.687430
vt 0.570581 0.619291
vt 0.531500 0.693054
vt 0.590055 0.635107
vt 0.537183 0.699908
vt 0.606038 0.654379
vt 0.541407 0.707728
vt 0.617914 0.676367
vt 0.544008 0.716213
vt 0.625227 0.700225
vt 0.544886 0.725037
vt 0.627696 0.725037
vt 0.544008 0.733861
vt 0.625227 0.749848
vt 0.541407 0.742345
vt 0.617913 0.773706
vt 0.537183 0.750165
vt 0.606038 0.795694
vt 0.531500 0.757019
vt 0.590055 0.814966
vt 0.524574 0.762644
vt 0.570581 0.830783
vt 0.516672 0.766823
vt 0.548362 0.842535
vt 0.508098 0.769397
vt 0.524254 0.849773
vt 0.499182 0.770266
vt 0.499182 0.852216
vt 0.490265 0.769397
vt 0.474110 0.849773
vt 0.481692 0.766823
vt 0.450002 0.842535
vt 0.473790 0.762644
vt 0.427783 0.830783
vt 0.466864 0.757019
vt 0.408309 0.814966
vt 0.461180 0.750165
vt 0.392326 0.795694
vt 0.456957 0.742345
vt 0.380450 0.773706
vt 0.454356 0.733861
vt 0.373137 0.749848
vt 0.498544 0.727343
vt 0.498587 0.726919
vt 0.498711 0.726512
vt 0.498914 0.726137
vt 0.499187 0.725808
vt 0.499519 0.725538
vt 0.499898 0.725337
vt 0.500310 0.725214
vt 0.500738 0.725172
vt 0.501166 0.725214
vt 0.501577 0.725337
vt 0.501956 0.725538
vt 0.502289 0.725808
vt 0.502561 0.726137
vt 0.502764 0.726512
vt 0.502889 0.726919
vt 0.502931 0.727343
vt 0.502889 0.727766
vt 0.502764 0.728174
vt 0.502561 0.728549
vt 0.502289 0.728878
vt 0.501956 0.729148
vt 0.501577 0.729349
vt 0.501166 0.729472
vt 0.500738 0.729514
vt 0.500310 0.729472
vt 0.499898 0.729349
vt 0.499519 0.729148
vt 0.499187 0.728878
vt 0.498914 0.728549
vt 0.498711 0.728174
vt 0.498587 0.727766
vt 0.469694 0.706811
vt 0.466243 0.713200
vt 0.460519 0.710853
vt 0.464542 0.703403
vt 0.474337 0.701210
vt 0.469956 0.696873
vt 0.479995 0.696614
vt 0.476552 0.691515
vt 0.486450 0.693199
vt 0.484079 0.687533
vt 0.493454 0.691096
vt 0.492245 0.685081
vt 0.500738 0.690386
vt 0.500738 0.684253
vt 0.508022 0.691096
vt 0.509230 0.685081
vt 0.515026 0.693199
vt 0.517397 0.687533
vt 0.521481 0.696614
vt 0.524923 0.691515
vt 0.527139 0.701210
vt 0.531520 0.696873
vt 0.531782 0.706811
vt 0.536934 0.703403
vt 0.535232 0.713200
vt 0.540956 0.710853
vt 0.537357 0.720133
vt 0.543434 0.718936
vt 0.538074 0.727343
vt 0.544270 0.727343
vt 0.537357 0.734553
vt 0.543434 0.735749
vt 0.535232 0.741486
vt 0.540956 0.743833
vt 0.531782 0.747875
vt 0.536934 0.751283
vt 0.527139 0.753475
vt 0.531520 0.757812
vt 0.521481 0.758072
vt 0.524923 0.763171
vt 0.515026 0.761487
vt 0.517397 0.767153
vt 0.508022 0.763590
vt 0.509230 0.769605
vt 0.500738 0.764300
vt 0.500738 0.770433
vt 0.493454 0.763590
vt 0.492245 0.769605
vt 0.486450 0.761487
vt 0.484078 0.767153
vt 0.479995 0.758071
vt 0.476552 0.763171
vt 0.474337 0.753475
vt 0.469956 0.757812
vt 0.469694 0.747875
vt 0.464542 0.751283
vt 0.466243 0.741486
vt 0.460519 0.743833
vt 0.464119 0.720133
vt 0.458042 0.718936
vt 1.000000 0.500000
vt 1.000000 1.000000
vt 0.968750 1.000000
vt 0.968750 0.500000
vt 0.937500 1.000000
vt 0.937500 0.500000
vt 0.906250 1.000000
vt 0.906250 0.500000
vt 0.875000 1.000000
vt 0.875000 0.500000
vt 0.843750 1.000000
vt 0.843750 0.500000
vt 0.812500 1.000000
vt 0.812500 0.500000
vt 0.781250 1.000000
vt 0.781250 0.500000
vt 0.750000 1.000000
vt 0.750000 0.500000
vt 0.718750 1.000000
vt 0.718750 0.500000
vt 0.687500 1.000000
vt 0.687500 0.500000
vt 0.656250 1.000000
vt 0.656250 0.500000
vt 0.625000 1.000000
vt 0.625000 0.500000
vt 0.593750 1.000000
vt 0.593750 0.500000
vt 0.562500 1.000000
vt 0.562500 0.500000
vt 0.531250 1.000000
vt 0.531250 0.500000
vt 0.500000 1.000000
vt 0.500000 0.500000
vt 0.468750 1.000000
vt 0.468750 0.500000
vt 0.437500 1.000000
vt 0.437500 0.500000
vt 0.406250 1.000000
vt 0.406250 0.500000
vt 0.375000 1.000000
vt 0.375000 0.500000
vt 0.343750 1.000000
vt 0.343750 0.500000
vt 0.312500 1.000000
vt 0.312500 0.500000
vt 0.281250 1.000000
vt 0.281250 0.500000
vt 0.250000 1.000000
vt 0.250000 0.500000
vt 0.218750 1.000000
vt 0.218750 0.500000
vt 0.187500 1.000000
vt 0.187500 0.500000
vt 0.156250 1.000000
vt 0.156250 0.500000
vt 0.125000 1.000000
vt 0.125000 0.500000
vt 0.093750 1.000000
vt 0.093750 0.500000
vt 0.062500 1.000000
vt 0.062500 0.500000
vt 0.296822 0.485388
vt 0.250000 0.490000
vt 0.203179 0.485389
vt 0.158156 0.471731
vt 0.116663 0.449553
vt 0.080295 0.419706
vt 0.050447 0.383337
vt 0.028269 0.341844
vt 0.014612 0.296822
vt 0.010000 0.250000
vt 0.014611 0.203179
vt 0.028269 0.158156
vt 0.050447 0.116663
vt 0.080294 0.080294
vt 0.116663 0.050447
vt 0.158156 0.028269
vt 0.203178 0.014612
vt 0.250000 0.010000
vt 0.296822 0.014612
vt 0.341844 0.028269
vt 0.383337 0.050447
vt 0.419706 0.080294
vt 0.449553 0.116663
vt 0.471731 0.158156
vt 0.485388 0.203178
vt 0.490000 0.250000
vt 0.485388 0.296822
vt 0.471731 0.341844
vt 0.449553 0.383337
vt 0.419706 0.419706
vt 0.383337 0.449553
vt 0.341844 0.471731
vt 0.031250 1.000000
vt 0.031250 0.500000
vt 0.000000 1.000000
vt 0.000000 0.500000
vt 0.449974 0.377845
vt 0.450926 0.387408
vt 0.444549 0.388664
vt 0.443473 0.377844
vt 0.333088 0.340601
vt 0.329829 0.373356
vt 0.316827 0.373356
vt 0.320336 0.338090
vt 0.342741 0.309105
vt 0.330728 0.304179
vt 0.358416 0.280077
vt 0.347604 0.272927
vt 0.379510 0.254634
vt 0.370316 0.245534
vt 0.405214 0.233754
vt 0.397990 0.223053
vt 0.434539 0.218239
vt 0.429563 0.206348
vt 0.466359 0.208685
vt 0.463822 0.196061
vt 0.499451 0.205458
vt 0.499451 0.192588
vt 0.532542 0.208684
vt 0.535079 0.196061
vt 0.564362 0.218239
vt 0.569338 0.206348
vt 0.593687 0.233754
vt 0.600911 0.223053
vt 0.619391 0.254634
vt 0.628585 0.245534
vt 0.640486 0.280077
vt 0.651297 0.272927
vt 0.656160 0.309105
vt 0.668173 0.304179
vt 0.665813 0.340601
vt 0.678566 0.338090
vt 0.669072 0.373356
vt 0.682074 0.373356
vt 0.665813 0.406112
vt 0.678566 0.408622
vt 0.656160 0.437608
vt 0.668173 0.442533
vt 0.640485 0.466636
vt 0.651297 0.473786
vt 0.619391 0.492078
vt 0.628585 0.501179
vt 0.593687 0.512958
vt 0.600911 0.523660
vt 0.564362 0.528474
vt 0.569338 0.540365
vt 0.532542 0.538028
vt 0.535078 0.550651
vt 0.499450 0.541254
vt 0.499450 0.554125
vt 0.466359 0.538028
vt 0.463822 0.550651
vt 0.434539 0.528474
vt 0.429563 0.540364
vt 0.405214 0.512958
vt 0.397990 0.523660
vt 0.379510 0.492078
vt 0.370316 0.501179
vt 0.358415 0.466635
vt 0.347604 0.473786
vt 0.342741 0.437608
vt 0.330728 0.442533
vt 0.333088 0.406111
vt 0.320336 0.408622
vt 0.445395 0.366161
vt 0.444340 0.376772
vt 0.361924 0.376772
vt 0.364563 0.350246
vt 0.448522 0.355958
vt 0.372380 0.324739
vt 0.453600 0.346555
vt 0.385073 0.301232
vt 0.460433 0.338313
vt 0.402156 0.280628
vt 0.468759 0.331549
vt 0.422972 0.263719
vt 0.478259 0.326523
vt 0.446720 0.251155
vt 0.488567 0.323428
vt 0.472488 0.243417
vt 0.499286 0.322383
vt 0.499286 0.240805
vt 0.510006 0.323428
vt 0.526084 0.243417
vt 0.520313 0.326523
vt 0.551852 0.251154
vt 0.529813 0.331549
vt 0.575601 0.263719
vt 0.538139 0.338313
vt 0.596416 0.280628
vt 0.544973 0.346555
vt 0.613499 0.301232
vt 0.550050 0.355958
vt 0.626192 0.324739
vt 0.553177 0.366161
vt 0.634009 0.350246
vt 0.554233 0.376771
vt 0.636648 0.376771
vt 0.553177 0.387382
vt 0.634009 0.403297
vt 0.550050 0.397585
vt 0.626192 0.428804
vt 0.544972 0.406988
vt 0.613499 0.452311
vt 0.538139 0.415230
vt 0.596416 0.472914
vt 0.529813 0.421994
vt 0.575601 0.489824
vt 0.520313 0.427020
vt 0.551852 0.502388
vt 0.510006 0.430115
vt 0.526084 0.510126
vt 0.499286 0.431160
vt 0.499286 0.512738
vt 0.488567 0.430115
vt 0.472488 0.510126
vt 0.478259 0.427020
vt 0.446720 0.502388
vt 0.468759 0.421994
vt 0.422971 0.489823
vt 0.460433 0.415230
vt 0.402156 0.472914
vt 0.453600 0.406988
vt 0.385073 0.452310
vt 0.448522 0.397585
vt 0.372380 0.428803
vt 0.445395 0.387382
vt 0.364563 0.403297
vt 0.497875 0.377846
vt 0.497907 0.377531
vt 0.497999 0.377229
vt 0.498150 0.376950
vt 0.498354 0.376705
vt 0.498600 0.376505
vt 0.498878 0.376357
vt 0.499185 0.376265
vt 0.499504 0.376234
vt 0.499820 0.376265
vt 0.500126 0.376357
vt 0.500408 0.376506
vt 0.500654 0.376706
vt 0.500856 0.376950
vt 0.501007 0.377228
vt 0.501099 0.377530
vt 0.501130 0.377844
vt 0.501099 0.378158
vt 0.501006 0.378462
vt 0.500855 0.378741
vt 0.500654 0.378984
vt 0.500409 0.379183
vt 0.500127 0.379333
vt 0.499819 0.379425
vt 0.499503 0.379456
vt 0.499186 0.379425
vt 0.498880 0.379333
vt 0.498599 0.379184
vt 0.498352 0.378984
vt 0.498151 0.378741
vt 0.498000 0.378462
vt 0.497906 0.378155
vt 0.458321 0.350608
vt 0.453744 0.359083
vt 0.447738 0.356620
vt 0.452915 0.347032
vt 0.464481 0.343178
vt 0.459884 0.338627
vt 0.471987 0.337081
vt 0.468374 0.331730
vt 0.480549 0.332551
vt 0.478061 0.326605
vt 0.489840 0.329761
vt 0.499503 0.328819
vt 0.499503 0.322383
vt 0.509166 0.329761
vt 0.510434 0.323449
vt 0.518457 0.332551
vt 0.520945 0.326605
vt 0.527020 0.337081
vt 0.530632 0.331730
vt 0.534525 0.343178
vt 0.539123 0.338627
vt 0.540685 0.350607
vt 0.546091 0.347032
vt 0.545262 0.359083
vt 0.551268 0.356620
vt 0.548080 0.368280
vt 0.554457 0.367024
vt 0.549032 0.377844
vt 0.555534 0.377844
vt 0.548080 0.387409
vt 0.554457 0.388664
vt 0.545262 0.396606
vt 0.551268 0.399068
vt 0.540685 0.405082
vt 0.546091 0.408657
vt 0.534525 0.412511
vt 0.539123 0.417061
vt 0.527020 0.418608
vt 0.530632 0.423959
vt 0.518457 0.423138
vt 0.520945 0.429084
vt 0.509165 0.425928
vt 0.510434 0.432240
vt 0.499503 0.426870
vt 0.499503 0.433306
vt 0.489840 0.425928
vt 0.488572 0.432240
vt 0.480549 0.423138
vt 0.478061 0.429084
vt 0.471986 0.418608
vt 0.468374 0.423959
vt 0.464481 0.412511
vt 0.459883 0.417061
vt 0.458321 0.405082
vt 0.452915 0.408657
vt 0.453744 0.396606
vt 0.447738 0.399068
vt 0.450926 0.368280
vt 0.444549 0.367024
vt 0.342832 0.373356
vt 0.345841 0.403600
vt 0.354754 0.432683
vt 0.369227 0.459485
vt 0.388704 0.482977
vt 0.412438 0.502257
vt 0.439515 0.516583
vt 0.468896 0.525405
vt 0.499450 0.528383
vt 0.530005 0.525405
vt 0.559386 0.516583
vt 0.586463 0.502257
vt 0.610197 0.482977
vt 0.629674 0.459485
vt 0.644147 0.432683
vt 0.653060 0.403601
vt 0.656069 0.373356
vt 0.653060 0.343112
vt 0.644147 0.314030
vt 0.629674 0.287228
vt 0.610197 0.263735
vt 0.586463 0.244456
vt 0.559386 0.230129
vt 0.530005 0.221308
vt 0.499451 0.218329
vt 0.468896 0.221308
vt 0.439515 0.230130
vt 0.412438 0.244456
vt 0.388704 0.263735
vt 0.369227 0.287228
vt 0.354754 0.314030
vt 0.345841 0.343112
vt 0.524515 0.096815
vt 0.524515 0.158679
vt 0.475160 0.158679
vt 0.475160 0.096815
vt 0.266345 0.126628
vt 0.313752 0.126628
vt 0.313752 0.174035
vt 0.266345 0.174035
vt 0.375000 0.500000
vt 0.625000 0.500000
vt 0.625000 0.750000
vt 0.375000 0.750000
vt 0.270445 0.590543
vt 0.341636 0.590543
vt 0.341636 0.661734
vt 0.270445 0.661734
vt 0.304574 0.115187
vt 0.304574 0.115187
vt 0.357782 0.115187
vt 0.357782 0.115187
vt 0.875000 0.500000
vt 0.875000 0.750000
vn -0.9787 0.0000 0.2052
vn 0.2052 0.0000 0.9787
vn 0.9787 0.0000 -0.2052
vn -0.2052 0.0000 -0.9787
vn -0.0201 0.9952 -0.0959
vn -0.1302 0.7730 -0.6209
vn -0.0968 0.8819 -0.4614
vn 0.0201 -0.9952 0.0959
vn 0.0596 0.9569 0.2841
vn 0.0201 0.9952 0.0959
vn 0.1302 0.7730 0.6209
vn 0.2043 -0.0980 0.9740
vn -0.2043 -0.0980 -0.9740
vn 0.0968 -0.8819 0.4614
vn -0.2043 0.0980 -0.9740
vn 0.1964 -0.2903 0.9366
vn 0.1587 0.6344 0.7566
vn -0.1810 -0.4714 -0.8631
vn 0.1810 0.4714 0.8631
vn -0.1587 0.6344 -0.7566
vn 0.1587 -0.6344 0.7566
vn 0.0596 -0.9569 0.2841
vn -0.1810 0.4714 -0.8631
vn -0.1587 -0.6344 -0.7566
vn -0.0967 -0.8819 -0.4614
vn 0.2043 0.0980 0.9740
vn 0.0968 0.8819 0.4614
vn -0.0201 -0.9952 -0.0959
vn -0.0596 0.9569 -0.2841
vn -0.1964 -0.2903 -0.9366
vn 0.1810 -0.4714 0.8631
vn 0.1964 0.2903 0.9366
vn -0.1964 0.2903 -0.9366
vn -0.0596 -0.9569 -0.2841
vn 0.0000 1.0000 0.0000
vn 0.1302 -0.7730 0.6209
vn -0.1302 -0.7730 -0.6209
vn -0.0968 -0.8819 -0.4614
vn 0.0000 -1.0000 0.0000
vn -0.0795 -0.9220 -0.3789
vn -0.1730 -0.5379 -0.8251
vn -0.2023 -0.1685 -0.9647
vn -0.0795 0.9220 -0.3789
vn -0.1730 0.5379 -0.8251
vn -0.2023 0.1685 -0.9647
vn 0.0795 -0.9220 0.3789
vn 0.1730 -0.5379 0.8251
vn 0.2023 -0.1685 0.9647
vn 0.0795 0.9220 0.3789
vn 0.1730 0.5379 0.8251
vn 0.2023 0.1685 0.9647
vn -0.9403 -0.0514 -0.3364
vn -0.9362 -0.1523 -0.3168
vn -0.9281 -0.2474 -0.2783
vn -0.9164 -0.3329 -0.2223
vn -0.9014 -0.4057 -0.1511
vn -0.8839 -0.4628 -0.0674
vn -0.8644 -0.5022 0.0256
vn -0.8437 -0.5223 0.1244
vn -0.8226 -0.5223 0.2251
vn -0.8018 -0.5022 0.3238
vn -0.7823 -0.4628 0.4168
vn -0.7648 -0.4057 0.5005
vn -0.7499 -0.3329 0.5717
vn -0.7381 -0.2474 0.6277
vn -0.7300 -0.1523 0.6662
vn -0.7259 -0.0514 0.6859
vn -0.7259 0.0514 0.6859
vn -0.7300 0.1523 0.6662
vn -0.7381 0.2474 0.6277
vn -0.7499 0.3329 0.5717
vn -0.7648 0.4057 0.5005
vn -0.7823 0.4628 0.4168
vn -0.8018 0.5022 0.3238
vn -0.8839 0.4628 -0.0674
vn -0.9014 0.4057 -0.1511
vn -0.9164 0.3329 -0.2223
vn -0.9281 0.2474 -0.2783
vn -0.9362 0.1523 -0.3168
vn -0.9403 0.0514 -0.3364
vn -0.8644 0.5022 0.0256
vn -0.0967 0.8819 -0.4614
vn -0.8226 0.5223 0.2250
vn -0.8437 0.5223 0.1244
vn 0.0967 0.8819 0.4614
vn -0.9546 0.0476 -0.2939
vn -0.8995 0.0239 0.4362
vn -0.9014 0.0707 0.4271
vn -0.9052 0.1148 0.4092
vn -0.9106 0.1545 0.3833
vn -0.9176 0.1882 0.3502
vn -0.9257 0.2147 0.3114
vn -0.9347 0.2330 0.2682
vn -0.9444 0.2423 0.2224
vn -0.9542 0.2423 0.1757
vn -0.9638 0.2330 0.1299
vn -0.9728 0.2147 0.0867
vn -0.9810 0.1882 0.0479
vn -0.9879 0.1545 0.0149
vn -0.9933 0.1148 -0.0111
vn -0.9971 0.0707 -0.0290
vn -0.9990 0.0239 -0.0381
vn -0.9990 -0.0239 -0.0381
vn -0.9971 -0.0707 -0.0290
vn -0.9933 -0.1148 -0.0111
vn -0.9879 -0.1545 0.0149
vn -0.9810 -0.1882 0.0479
vn -0.9728 -0.2147 0.0867
vn -0.9638 -0.2330 0.1299
vn -0.9542 -0.2423 0.1757
vn -0.9444 -0.2423 0.2224
vn -0.9347 -0.2330 0.2682
vn -0.9257 -0.2147 0.3114
vn -0.9176 -0.1882 0.3502
vn -0.9106 -0.1545 0.3833
vn -0.9052 -0.1148 0.4092
vn -0.9014 -0.0707 0.4271
vn -0.8995 -0.0239 0.4362
vn -0.9433 -0.2291 -0.2401
vn -0.9325 -0.3083 -0.1883
vn -0.9187 -0.3756 -0.1223
vn -0.9024 -0.4286 -0.0448
vn -0.8843 -0.4650 0.0413
vn -0.8652 -0.4836 0.1328
vn -0.8456 -0.4836 0.2260
vn -0.8264 -0.4650 0.3174
vn -0.8084 -0.4286 0.4036
vn -0.7921 -0.3756 0.4811
vn -0.7783 -0.3083 0.5470
vn -0.7674 -0.2291 0.5988
vn -0.7599 -0.1411 0.6345
vn -0.7561 -0.0476 0.6527
vn -0.7561 0.0476 0.6527
vn -0.7599 0.1411 0.6345
vn -0.7674 0.2291 0.5988
vn -0.7783 0.3083 0.5470
vn -0.7921 0.3756 0.4811
vn -0.8084 0.4286 0.4036
vn -0.8264 0.4650 0.3174
vn -0.8456 0.4836 0.2260
vn -0.8652 0.4836 0.1328
vn -0.8843 0.4650 0.0413
vn -0.9024 0.4286 -0.0448
vn -0.9187 0.3756 -0.1223
vn -0.9325 0.3083 -0.1883
vn -0.9433 0.2291 -0.2401
vn -0.9508 0.1411 -0.2757
vn -0.9508 -0.1411 -0.2757
vn -0.9986 -0.0246 -0.0458
vn -0.9967 -0.0729 -0.0364
vn -0.9928 -0.1183 -0.0180
vn -0.9872 -0.1592 0.0088
vn -0.9801 -0.1940 0.0428
vn -0.9717 -0.2214 0.0829
vn -0.9623 -0.2402 0.1273
vn -0.9524 -0.2498 0.1746
vn -0.9423 -0.2498 0.2228
vn -0.9324 -0.2402 0.2700
vn -0.9231 -0.2214 0.3145
vn -0.9147 -0.1940 0.3545
vn -0.9076 -0.1592 0.3886
vn -0.9019 -0.1183 0.4153
vn -0.8981 -0.0729 0.4338
vn -0.8961 -0.0246 0.4432
vn -0.8961 0.0246 0.4432
vn -0.8981 0.0729 0.4338
vn -0.9019 0.1183 0.4153
vn -0.9076 0.1592 0.3886
vn -0.9147 0.1940 0.3545
vn -0.9231 0.2214 0.3145
vn -0.9324 0.2402 0.2700
vn -0.9423 0.2498 0.2228
vn -0.9524 0.2498 0.1746
vn -0.9623 0.2402 0.1274
vn -0.9717 0.2214 0.0829
vn -0.9801 0.1940 0.0428
vn -0.9872 0.1592 0.0088
vn -0.9928 0.1183 -0.0180
vn -0.9967 0.0729 -0.0364
vn -0.9986 0.0246 -0.0458
vn -0.9546 -0.0476 -0.2939
vn -0.6804 0.0839 -0.7280
vn -0.9891 -0.0338 -0.1432
vn -0.9864 -0.1001 -0.1303
vn -0.9811 -0.1626 -0.1050
vn -0.9734 -0.2188 -0.0682
vn -0.9636 -0.2666 -0.0215
vn -0.9520 -0.3041 0.0336
vn -0.9392 -0.3300 0.0947
vn -0.9256 -0.3432 0.1596
vn -0.9117 -0.3432 0.2257
vn -0.8981 -0.3300 0.2906
vn -0.8853 -0.3041 0.3517
vn -0.8738 -0.2666 0.4068
vn -0.8640 -0.2188 0.4535
vn -0.8563 -0.1626 0.4903
vn -0.8510 -0.1001 0.5156
vn -0.8482 -0.0338 0.5285
vn -0.8482 0.0338 0.5285
vn -0.8510 0.1001 0.5156
vn -0.8563 0.1626 0.4903
vn -0.8640 0.2188 0.4535
vn -0.8738 0.2666 0.4068
vn -0.8853 0.3041 0.3517
vn -0.8981 0.3300 0.2906
vn -0.9117 0.3432 0.2257
vn -0.9256 0.3432 0.1596
vn -0.9392 0.3300 0.0947
vn -0.9520 0.3041 0.0336
vn -0.9636 0.2666 -0.0215
vn -0.9734 0.2188 -0.0682
vn -0.9811 0.1626 -0.1050
vn -0.9864 0.1001 -0.1303
vn -0.9891 0.0338 -0.1432
vn -0.6802 0.0567 0.7308
vn -0.6848 0.1679 0.7091
vn -0.6937 0.2727 0.6667
vn -0.7066 0.3669 0.6050
vn -0.7231 0.4471 0.5266
vn -0.7424 0.5101 0.4343
vn -0.7639 0.5535 0.3318
vn -0.7867 0.5756 0.2229
vn -0.8100 0.5756 0.1119
vn -0.8328 0.5535 0.0031
vn -0.8543 0.5101 -0.0994
vn -0.8737 0.4471 -0.1917
vn -0.8901 0.3669 -0.2702
vn -0.9031 0.2727 -0.3318
vn -0.9120 0.1679 -0.3743
vn -0.9165 0.0567 -0.3959
vn -0.9165 -0.0567 -0.3959
vn -0.9120 -0.1679 -0.3743
vn -0.9031 -0.2727 -0.3318
vn -0.8901 -0.3669 -0.2702
vn -0.8737 -0.4471 -0.1917
vn -0.8543 -0.5101 -0.0994
vn -0.8328 -0.5535 0.0031
vn -0.8100 -0.5756 0.1119
vn -0.7867 -0.5756 0.2229
vn -0.7639 -0.5535 0.3318
vn -0.7424 -0.5101 0.4343
vn -0.7231 -0.4471 0.5266
vn -0.7066 -0.3669 0.6050
vn -0.6937 -0.2727 0.6667
vn -0.6848 -0.1679 0.7091
vn -0.6802 -0.0567 0.7308
vn -0.6605 -0.4036 -0.6331
vn -0.6414 -0.5432 -0.5418
vn -0.6170 -0.6619 -0.4256
vn -0.5884 -0.7552 -0.2890
vn -0.5566 -0.8194 -0.1372
vn -0.5228 -0.8521 0.0239
vn -0.4883 -0.8521 0.1882
vn -0.4545 -0.8194 0.3493
vn -0.4227 -0.7552 0.5011
vn -0.3941 -0.6619 0.6377
vn -0.3697 -0.5432 0.7538
vn -0.3505 -0.4036 0.8451
vn -0.3374 -0.2486 0.9080
vn -0.3306 -0.0839 0.9400
vn -0.3306 0.0839 0.9400
vn -0.3374 0.2486 0.9080
vn -0.3505 0.4036 0.8451
vn -0.3697 0.5432 0.7538
vn -0.3940 0.6619 0.6377
vn -0.4227 0.7552 0.5011
vn -0.4545 0.8194 0.3493
vn -0.4883 0.8521 0.1882
vn -0.5228 0.8521 0.0239
vn -0.5565 0.8194 -0.1373
vn -0.5884 0.7552 -0.2890
vn -0.6170 0.6619 -0.4256
vn -0.6414 0.5432 -0.5418
vn -0.6605 0.4036 -0.6331
vn -0.6737 0.2486 -0.6959
vn -0.6737 -0.2486 -0.6959
vn -0.9801 -0.0386 -0.1945
vn -0.9771 -0.1142 -0.1798
vn -0.9710 -0.1857 -0.1507
vn -0.9623 -0.2492 -0.1093
vn -0.9510 -0.3043 -0.0554
vn -0.9379 -0.3470 0.0072
vn -0.9232 -0.3765 0.0769
vn -0.9077 -0.3915 0.1510
vn -0.8919 -0.3915 0.2264
vn -0.8763 -0.3765 0.3005
vn -0.8617 -0.3470 0.3702
vn -0.8486 -0.3043 0.4327
vn -0.8373 -0.2491 0.4867
vn -0.8286 -0.1857 0.5281
vn -0.8225 -0.1142 0.5572
vn -0.8194 -0.0386 0.5719
vn -0.8194 0.0386 0.5719
vn -0.8225 0.1142 0.5571
vn -0.8286 0.1855 0.5283
vn -0.8374 0.2496 0.4863
vn -0.8486 0.3041 0.4330
vn -0.8617 0.3470 0.3702
vn -0.8763 0.3765 0.3005
vn -0.8919 0.3915 0.2264
vn -0.9077 0.3915 0.1510
vn -0.9232 0.3765 0.0769
vn -0.9379 0.3470 0.0072
vn -0.9510 0.3041 -0.0556
vn -0.9622 0.2496 -0.1090
vn -0.9710 0.1855 -0.1509
vn -0.9771 0.1142 -0.1798
vn -0.9801 0.0386 -0.1945
vn -0.6804 -0.0839 -0.7280
vn -0.9432 -0.0129 0.3320
vn -0.9442 -0.0383 0.3271
vn -0.9462 -0.0622 0.3174
vn -0.9492 -0.0838 0.3033
vn -0.9530 -0.1021 0.2854
vn -0.9574 -0.1164 0.2644
vn -0.9623 -0.1263 0.2410
vn -0.9675 -0.1314 0.2161
vn -0.9728 -0.1314 0.1908
vn -0.9780 -0.1263 0.1659
vn -0.9829 -0.1164 0.1425
vn -0.9873 -0.1021 0.1215
vn -0.9911 -0.0838 0.1036
vn -0.9940 -0.0622 0.0895
vn -0.9961 -0.0383 0.0798
vn -0.9971 -0.0129 0.0748
vn -0.9971 0.0129 0.0748
vn -0.9961 0.0383 0.0798
vn -0.9940 0.0622 0.0895
vn -0.9911 0.0838 0.1036
vn -0.9873 0.1021 0.1215
vn -0.9829 0.1164 0.1425
vn -0.9780 0.1263 0.1659
vn -0.9728 0.1314 0.1908
vn -0.9675 0.1314 0.2161
vn -0.9623 0.1263 0.2410
vn -0.9574 0.1164 0.2644
vn -0.9530 0.1021 0.2854
vn -0.9492 0.0838 0.3033
vn -0.9462 0.0622 0.3174
vn -0.9442 0.0383 0.3271
vn -0.9432 0.0129 0.3320
usemtl Material.001
s off
f 2/1/1 3/2/1 4/3/1 5/4/1 6/5/1 7/6/1 8/7/1 9/8/1 10/9/1 11/10/1 12/11/1 13/12/1 14/13/1 15/14/1 16/15/1 17/16/1 18/17/1 19/18/1 20/19/1 21/20/1 22/21/1 23/22/1 24/23/1 25/24/1 26/25/1 27/26/1 28/27/1 29/28/1 30/29/1 31/30/1 32/31/1 1/32/1
f 34/33/1 35/34/1 36/35/1 37/36/1 38/37/1 39/38/1 40/39/1 41/40/1 42/41/1 43/42/1 44/43/1 45/44/1 46/45/1 47/46/1 48/47/1 49/48/1 50/49/1 51/50/1 52/51/1 53/52/1 54/53/1 55/54/1 56/55/1 57/56/1 58/57/1 59/58/1 60/59/1 61/60/1 62/61/1 63/62/1 64/63/1 33/64/1
f 149/65/2 154/66/2 134/67/2 130/68/2
f 157/69/3 159/70/3 160/71/3 158/72/3 161/73/3 163/74/3 164/75/3 162/76/3 153/77/3 155/78/3 156/79/3 154/80/3 149/81/3 151/82/3 152/83/3 150/84/3
f 144/85/1 146/86/1 96/87/1 95/88/1 94/89/1 90/90/1 88/91/1 87/92/1 80/93/1 84/94/1 81/95/1 79/96/1 66/97/1 65/98/1 76/99/1 77/100/1 78/101/1 72/102/1 73/103/1 136/104/1 135/105/1
f 131/106/1 130/107/1 134/108/1 136/109/1 73/110/1 74/111/1 70/112/1 71/113/1 67/114/1 68/115/1 75/116/1 69/117/1 82/118/1 83/119/1 85/120/1 89/121/1 86/122/1 91/123/1 92/124/1 93/125/1 96/126/1 146/127/1 145/128/1 139/129/1 141/130/1 128/131/1 126/132/1 125/133/1 123/134/1 118/135/1 119/136/1 115/137/1 116/138/1 117/139/1 113/140/1 107/141/1 100/142/1 106/143/1 104/144/1 102/145/1 101/146/1 103/147/1
f 139/148/4 145/149/4 161/150/4 158/151/4
f 69/152/5 42/153/5 41/154/5 82/155/5
f 67/156/6 45/157/6 44/158/6 68/159/6
f 68/159/7 44/158/7 43/160/7 75/161/7
f 84/162/8 58/163/8 57/164/8 81/165/8
f 83/166/9 40/167/9 39/168/9 85/169/9
f 82/155/10 41/154/10 40/167/10 83/166/10
f 89/170/11 38/171/11 37/172/11 86/173/11
f 96/174/12 33/175/12 64/176/12 95/177/12
f 72/178/13 50/179/13 49/180/13 73/181/13
f 87/182/14 60/183/14 59/184/14 80/185/14
f 73/181/15 49/180/15 48/186/15 74/187/15
f 95/177/16 64/176/16 63/188/16 94/189/16
f 86/173/17 37/172/17 36/190/17 91/191/17
f 77/192/18 52/193/18 51/194/18 78/195/18
f 91/191/19 36/190/19 35/196/19 92/197/19
f 71/198/20 46/199/20 45/157/20 67/156/20
f 90/200/21 62/201/21 61/202/21 88/203/21
f 80/185/22 59/184/22 58/163/22 84/162/22
f 70/204/23 47/205/23 46/199/23 71/198/23
f 76/206/24 53/207/24 52/193/24 77/192/24
f 66/208/25 55/209/25 54/210/25 65/211/25
f 93/212/26 34/213/26 33/214/26 96/215/26
f 85/169/27 39/168/27 38/171/27 89/170/27
f 81/165/28 57/164/28 56/216/28 79/217/28
f 75/161/29 43/160/29 42/153/29 69/152/29
f 78/195/30 51/194/30 50/179/30 72/178/30
f 94/189/31 63/188/31 62/201/31 90/200/31
f 92/197/32 35/196/32 34/213/32 93/212/32
f 74/187/33 48/186/33 47/205/33 70/204/33
f 79/217/34 56/216/34 55/209/34 66/208/34
f 162/218/35 144/85/35 135/105/35 153/219/35
f 88/203/36 61/202/36 60/183/36 87/182/36
f 65/211/37 54/210/37 53/207/37 76/206/37
f 105/220/5 10/221/5 9/222/5 111/223/5
f 99/224/6 13/225/6 12/226/6 97/227/6
f 97/227/7 12/226/7 11/228/7 98/229/7
f 116/230/8 26/231/8 25/232/8 117/233/8
f 112/234/9 8/235/9 7/236/9 114/237/9
f 111/223/10 9/222/10 8/235/10 112/234/10
f 121/238/11 6/239/11 5/240/11 120/241/11
f 128/242/12 1/243/12 32/244/12 126/245/12
f 101/246/13 18/247/13 17/248/13 103/249/13
f 119/250/14 28/251/14 27/252/14 115/253/14
f 103/249/15 17/248/15 16/254/15 110/255/15
f 126/245/16 32/244/16 31/256/16 125/257/16
f 120/241/17 5/240/17 4/258/17 122/259/17
f 104/260/18 20/261/18 19/262/18 102/263/18
f 122/259/19 4/258/19 3/264/19 124/265/19
f 109/266/20 14/267/20 13/225/20 99/224/20
f 123/268/21 30/269/21 29/270/21 118/271/21
f 115/253/22 27/252/22 26/231/22 116/230/22
f 108/272/23 15/273/23 14/267/23 109/266/23
f 106/274/24 21/275/24 20/261/24 104/260/24
f 107/276/38 23/277/38 22/278/38 100/279/38
f 127/280/26 2/281/26 1/282/26 128/283/26
f 114/237/27 7/236/27 6/239/27 121/238/27
f 117/233/28 25/232/28 24/284/28 113/285/28
f 98/229/29 11/228/29 10/221/29 105/220/29
f 102/263/30 19/262/30 18/247/30 101/246/30
f 125/257/31 31/256/31 30/269/31 123/268/31
f 124/265/32 3/264/32 2/281/32 127/280/32
f 110/255/33 16/254/33 15/273/33 108/272/33
f 113/285/34 24/284/34 23/277/34 107/276/34
f 118/271/36 29/270/36 28/251/36 119/250/36
f 140/286/39 157/287/39 150/288/39 129/289/39
f 100/279/37 22/278/37 21/275/37 106/274/37
f 129/290/1 132/291/1 131/292/1
f 132/291/1 133/293/1 131/292/1
f 133/293/1 130/68/1 131/292/1
f 134/67/1 137/294/1 136/104/1
f 137/294/1 138/295/1 136/104/1
f 138/295/1 135/105/1 136/104/1
f 139/148/1 142/296/1 141/297/1
f 142/296/1 143/298/1 141/297/1
f 143/298/1 140/299/1 141/297/1
f 144/85/1 147/300/1 146/86/1
f 147/300/1 148/301/1 146/86/1
f 148/301/1 145/149/1 146/86/1
f 157/302/40 140/299/40 143/298/40 159/303/40
f 159/303/41 143/298/41 142/296/41 160/304/41
f 160/304/42 142/296/42 139/148/42 158/151/42
f 144/85/43 162/218/43 164/305/43 147/300/43
f 147/300/44 164/305/44 163/306/44 148/301/44
f 148/301/45 163/306/45 161/150/45 145/149/45
f 129/290/46 150/307/46 152/308/46 132/291/46
f 132/291/47 152/308/47 151/309/47 133/293/47
f 133/293/48 151/309/48 149/65/48 130/68/48
f 153/219/49 135/105/49 138/295/49 155/310/49
f 155/310/50 138/295/50 137/294/50 156/311/50
f 156/311/51 137/294/51 134/67/51 154/66/51
f 103/312/1 110/313/1 108/314/1 109/315/1 99/316/1 97/317/1 98/318/1 105/319/1 111/320/1 112/321/1 114/322/1 121/323/1 120/324/1 122/325/1 124/326/1 127/327/1 128/328/1 141/329/1 140/330/1 129/331/1 131/332/1
f 166/333/1 167/334/1 168/335/1 169/336/1 170/337/1 171/338/1 172/339/1 173/340/1 174/341/1 175/342/1 176/343/1 177/344/1 178/345/1 179/346/1 180/347/1 181/348/1 182/349/1 183/350/1 184/351/1 185/352/1 186/353/1 187/354/1 188/355/1 189/356/1 190/357/1 191/358/1 192/359/1 193/360/1 194/361/1 195/362/1 196/363/1 165/364/1
f 234/365/13 202/366/13 203/367/13 235/368/13
f 235/368/30 203/367/30 204/369/30 236/370/30
f 236/370/18 204/369/18 205/371/18 237/372/18
f 237/372/24 205/371/24 206/373/24 238/374/24
f 238/374/37 206/373/37 207/375/37 239/376/37
f 239/376/38 207/375/38 208/377/38 240/378/38
f 240/378/34 208/377/34 209/379/34 241/380/34
f 241/380/28 209/379/28 210/381/28 242/382/28
f 242/382/8 210/381/8 211/383/8 243/384/8
f 243/384/22 211/383/22 212/385/22 244/386/22
f 244/386/14 212/385/14 213/387/14 245/388/14
f 245/388/36 213/387/36 214/389/36 246/390/36
f 246/390/21 214/389/21 215/391/21 247/392/21
f 247/392/31 215/391/31 216/393/31 248/394/31
f 248/394/16 216/393/16 217/395/16 249/396/16
f 249/396/12 217/395/12 218/397/12 250/398/12
f 250/398/26 218/397/26 219/399/26 251/400/26
f 251/400/32 219/399/32 220/401/32 252/402/32
f 252/402/19 220/401/19 221/403/19 253/404/19
f 253/404/17 221/403/17 222/405/17 254/406/17
f 254/406/11 222/405/11 223/407/11 255/408/11
f 255/408/27 223/407/27 224/409/27 256/410/27
f 256/410/9 224/409/9 225/411/9 330/412/9 328/413/9 331/414/9
f 257/415/7 228/416/7 229/417/7 258/418/7
f 258/418/6 229/417/6 230/419/6 259/420/6
f 259/420/20 230/419/20 231/421/20 260/422/20
f 260/422/23 231/421/23 232/423/23 261/424/23
f 203/425/3 202/426/3 233/427/3 232/428/3 231/429/3 230/430/3 229/431/3 228/432/3 227/433/3 226/434/3 225/435/3 224/436/3 223/437/3 222/438/3 221/439/3 220/440/3 219/441/3 218/442/3 217/443/3 216/444/3 215/445/3 214/446/3 213/447/3 212/448/3 211/449/3 210/450/3 209/451/3 208/452/3 207/453/3 206/454/3 205/455/3 204/456/3
f 261/424/33 232/423/33 233/457/33 262/458/33
f 262/458/15 233/457/15 202/459/15 234/460/15
f 322/461/15 262/462/15 234/463/15 264/464/15
f 266/465/30 235/466/30 236/467/30 268/468/30
f 320/469/33 261/470/33 262/462/33 322/461/33
f 318/471/23 260/472/23 261/470/23 320/469/23
f 316/473/20 259/474/20 260/472/20 318/471/20
f 314/475/6 258/476/6 259/474/6 316/473/6
f 312/477/7 257/478/7 258/476/7 314/475/7
f 308/479/9 256/480/9 331/481/9 332/482/9
f 306/483/27 255/484/27 256/480/27 308/479/27
f 304/485/11 254/486/11 255/484/11 306/483/11
f 302/487/17 253/488/17 254/486/17 304/485/17
f 300/489/19 252/490/19 253/488/19 302/487/19
f 298/491/32 251/492/32 252/490/32 300/489/32
f 296/493/26 250/494/26 251/492/26 298/491/26
f 294/495/12 249/496/12 250/494/12 296/493/12
f 292/497/16 248/498/16 249/496/16 294/495/16
f 290/499/31 247/500/31 248/498/31 292/497/31
f 288/501/21 246/502/21 247/500/21 290/499/21
f 286/503/36 245/504/36 246/502/36 288/501/36
f 284/505/14 244/506/14 245/504/14 286/503/14
f 282/507/22 243/508/22 244/506/22 284/505/22
f 280/509/8 242/382/8 243/384/8 282/510/8
f 278/511/28 241/380/28 242/382/28 280/509/28
f 276/512/34 240/513/34 241/514/34 278/515/34
f 274/516/25 239/517/25 240/513/25 276/512/25
f 272/518/37 238/519/37 239/517/37 274/516/37
f 270/520/24 237/521/24 238/519/24 272/518/24
f 268/468/18 236/467/18 237/521/18 270/520/18
f 263/522/1 265/523/1 267/524/1 269/525/1 271/526/1 273/527/1 275/528/1 277/529/1 279/530/1 355/531/1 356/532/1 357/533/1 362/534/1 363/535/1 366/536/1 368/537/1 371/538/1 372/539/1 370/540/1 369/541/1 367/542/1 365/543/1 364/544/1 359/545/1 358/546/1 360/547/1 340/548/1 335/549/1 334/550/1 310/551/1 311/552/1 313/553/1 315/554/1 317/555/1 319/556/1 321/557/1
f 264/558/52 266/559/52 265/560/52 263/561/52
f 266/559/53 268/562/53 267/563/53 265/560/53
f 268/562/54 270/564/54 269/565/54 267/563/54
f 270/564/55 272/566/55 271/567/55 269/565/55
f 272/566/56 274/568/56 273/569/56 271/567/56
f 274/568/57 276/570/57 275/571/57 273/569/57
f 276/570/58 278/572/58 277/573/58 275/571/58
f 278/572/59 280/574/59 279/575/59 277/573/59
f 280/574/60 282/576/60 281/577/60 279/575/60
f 282/576/61 284/578/61 283/579/61 281/577/61
f 284/578/62 286/580/62 285/581/62 283/579/62
f 286/580/63 288/582/63 287/583/63 285/581/63
f 288/582/64 290/584/64 289/585/64 287/583/64
f 290/584/65 292/586/65 291/587/65 289/585/65
f 292/586/66 294/588/66 293/589/66 291/587/66
f 294/588/67 296/590/67 295/591/67 293/589/67
f 296/590/68 298/592/68 297/593/68 295/591/68
f 298/592/69 300/594/69 299/595/69 297/593/69
f 300/594/70 302/596/70 301/597/70 299/595/70
f 302/596/71 304/598/71 303/599/71 301/597/71
f 304/598/72 306/600/72 305/601/72 303/599/72
f 306/600/73 308/602/73 307/603/73 305/601/73
f 308/602/74 332/604/74 329/605/74 337/606/74 309/607/74 307/603/74
f 312/608/75 314/609/75 313/610/75 311/611/75
f 314/609/76 316/612/76 315/613/76 313/610/76
f 316/612/77 318/614/77 317/615/77 315/613/77
f 318/614/78 320/616/78 319/617/78 317/615/78
f 320/616/79 322/618/79 321/619/79 319/617/79
f 322/618/80 264/558/80 263/561/80 321/619/80
f 264/464/13 234/463/13 235/466/13 266/465/13
f 335/620/9 198/621/9 197/622/9 326/623/9 336/624/9 334/625/9
f 340/626/10 199/627/10 198/621/10 335/620/10
f 326/628/27 197/629/27 324/630/27 325/631/27 327/632/27
f 336/633/81 326/634/81 327/635/81 312/608/81 311/611/81 310/636/81
f 324/637/1 197/638/1 198/639/1 199/640/1 200/641/1 201/642/1 328/643/1 330/644/1 333/645/1 323/646/1
f 339/647/5 200/648/5 199/627/5 340/626/5
f 328/649/82 201/650/82 329/651/82 332/652/82 331/653/82
f 327/654/29 325/655/29 257/478/29 312/477/29
f 329/656/29 201/657/29 200/648/29 339/647/29 338/658/29 337/659/29
f 325/660/29 324/661/29 323/662/29 227/663/29 228/416/29 257/415/29
f 333/664/10 330/412/10 225/411/10 226/665/10
f 337/606/83 338/666/83 309/607/83
f 323/662/5 333/664/5 226/665/5 227/663/5
f 334/667/84 336/633/84 310/636/84
f 341/668/5 174/669/5 173/670/5 355/671/5
f 344/672/6 177/673/6 176/674/6 342/675/6
f 342/675/7 176/674/7 175/676/7 343/677/7
f 358/678/8 190/679/8 189/680/8 360/681/8
f 356/682/9 172/683/9 171/684/9 357/685/9
f 355/671/10 173/670/10 172/683/10 356/682/10
f 362/686/11 170/687/11 169/688/11 363/689/11
f 372/690/12 165/691/12 196/692/12 370/693/12
f 349/694/13 182/695/13 181/696/13 348/697/13
f 364/698/14 192/699/14 191/700/14 359/701/14
f 348/697/15 181/696/15 180/702/15 347/703/15
f 370/693/16 196/692/16 195/704/16 369/705/16
f 363/689/17 169/688/17 168/706/17 366/707/17
f 351/708/18 184/709/18 183/710/18 350/711/18
f 366/707/19 168/706/19 167/712/19 368/713/19
f 345/714/20 178/715/20 177/673/20 344/672/20
f 367/716/21 194/717/21 193/718/21 365/719/21
f 359/701/22 191/700/22 190/679/22 358/678/22
f 340/548/1 360/547/1 361/720/1 354/721/1 353/722/1 352/723/1 351/724/1 350/725/1 349/726/1 348/727/1 347/728/1 346/729/1 345/730/1 344/731/1 342/732/1 343/733/1 341/734/1 355/531/1 279/530/1 281/735/1 283/736/1 285/737/1 287/738/1 289/739/1 291/740/1 293/741/1 295/742/1 297/743/1 299/744/1 301/745/1 303/746/1 305/747/1 307/748/1 309/749/1 338/750/1 339/751/1
f 346/752/23 179/753/23 178/715/23 345/714/23
f 352/754/24 185/755/24 184/709/24 351/708/24
f 354/756/38 187/757/38 186/758/38 353/759/38
f 371/760/26 166/761/26 165/762/26 372/763/26
f 357/685/27 171/684/27 170/687/27 362/686/27
f 360/681/28 189/680/28 188/764/28 361/765/28
f 343/677/29 175/676/29 174/669/29 341/668/29
f 350/711/30 183/710/30 182/695/30 349/694/30
f 369/705/31 195/704/31 194/717/31 367/716/31
f 368/713/32 167/712/32 166/761/32 371/760/32
f 347/703/33 180/702/33 179/753/33 346/752/33
f 361/765/34 188/764/34 187/757/34 354/756/34
f 365/719/36 193/718/36 192/699/36 364/698/36
f 353/759/37 186/758/37 185/755/37 352/754/37
f 405/766/13 373/767/13 374/768/13 406/769/13
f 406/769/30 374/768/30 375/770/30 407/771/30
f 407/771/18 375/770/18 376/772/18 408/773/18
f 408/773/24 376/772/24 377/774/24 409/775/24
f 409/775/37 377/774/37 378/776/37 410/777/37
f 410/777/38 378/776/38 379/778/38 411/779/38
f 411/779/34 379/778/34 380/780/34 412/781/34
f 412/781/28 380/780/28 381/782/28 413/783/28
f 413/783/8 381/782/8 382/784/8 414/785/8
f 414/785/22 382/784/22 383/786/22 415/787/22
f 415/787/14 383/786/14 384/788/14 416/789/14
f 416/789/36 384/788/36 385/790/36 417/791/36
f 417/791/21 385/790/21 386/792/21 418/793/21
f 418/793/31 386/792/31 387/794/31 419/795/31
f 419/795/16 387/794/16 388/796/16 420/797/16
f 420/797/12 388/796/12 389/798/12 421/799/12
f 421/799/26 389/798/26 390/800/26 422/801/26
f 422/801/32 390/800/32 391/802/32 423/803/32
f 423/803/19 391/802/19 392/804/19 424/805/19
f 424/805/17 392/804/17 393/806/17 425/807/17
f 425/807/11 393/806/11 394/808/11 426/809/11
f 426/809/85 394/808/85 395/810/85 427/811/85
f 427/811/9 395/810/9 396/812/9 428/813/9
f 428/813/10 396/812/10 397/814/10 429/815/10
f 429/815/5 397/814/5 398/816/5 430/817/5
f 430/817/29 398/816/29 399/818/29 431/819/29
f 431/819/7 399/818/7 400/820/7 432/821/7
f 432/821/6 400/820/6 401/822/6 433/823/6
f 433/823/20 401/822/20 402/824/20 434/825/20
f 434/825/23 402/824/23 403/826/23 435/827/23
f 374/828/3 373/829/3 404/830/3 403/831/3 402/832/3 401/833/3 400/834/3 399/835/3 398/836/3 397/837/3 396/838/3 395/839/3 394/840/3 393/841/3 392/842/3 391/843/3 390/844/3 389/845/3 388/846/3 387/847/3 386/848/3 385/849/3 384/850/3 383/851/3 382/852/3 381/853/3 380/854/3 379/855/3 378/856/3 377/857/3 376/858/3 375/859/3
f 435/827/33 403/826/33 404/860/33 436/861/33
f 436/861/15 404/860/15 373/862/15 405/863/15
f 470/864/86 531/865/86 468/866/86 437/867/86
f 438/868/87 437/869/87 405/870/87 406/871/87
f 439/872/88 438/868/88 406/871/88 407/873/88
f 440/874/89 439/872/89 407/873/89 408/875/89
f 441/876/90 440/874/90 408/875/90 409/877/90
f 442/878/91 441/876/91 409/877/91 410/879/91
f 443/880/92 442/878/92 410/879/92 411/881/92
f 444/882/93 443/880/93 411/881/93 412/883/93
f 445/884/94 444/882/94 412/883/94 413/885/94
f 446/886/95 445/884/95 413/885/95 414/887/95
f 447/888/96 446/886/96 414/887/96 415/889/96
f 448/890/97 447/888/97 415/889/97 416/891/97
f 449/892/98 448/890/98 416/891/98 417/893/98
f 450/894/99 449/892/99 417/893/99 418/895/99
f 451/896/100 450/894/100 418/895/100 419/897/100
f 452/898/101 451/896/101 419/897/101 420/899/101
f 453/900/102 452/898/102 420/899/102 421/901/102
f 454/902/103 453/900/103 421/901/103 422/903/103
f 455/904/104 454/902/104 422/903/104 423/905/104
f 456/906/105 455/904/105 423/905/105 424/907/105
f 457/908/106 456/906/106 424/907/106 425/909/106
f 458/910/107 457/908/107 425/909/107 426/911/107
f 459/912/108 458/910/108 426/911/108 427/913/108
f 460/914/109 459/912/109 427/913/109 428/915/109
f 461/916/110 460/914/110 428/915/110 429/917/110
f 462/918/111 461/916/111 429/917/111 430/919/111
f 463/920/112 462/918/112 430/919/112 431/921/112
f 464/922/113 463/920/113 431/921/113 432/923/113
f 465/924/114 464/922/114 432/923/114 433/925/114
f 466/926/115 465/924/115 433/925/115 434/927/115
f 467/928/116 466/926/116 434/927/116 435/929/116
f 468/930/117 467/928/117 435/929/117 436/931/117
f 437/869/118 468/930/118 436/931/118 405/870/118
f 469/932/1 472/933/1 474/934/1 476/935/1 478/936/1 480/937/1 482/938/1 484/939/1 486/940/1 488/941/1 490/942/1 492/943/1 494/944/1 496/945/1 498/946/1 500/947/1 502/948/1 504/949/1 506/950/1 508/951/1 510/952/1 512/953/1 514/954/1 516/955/1 518/956/1 520/957/1 522/958/1 524/959/1 526/960/1 528/961/1 530/962/1 532/963/1
f 475/964/119 473/965/119 439/966/119 440/967/119
f 477/968/120 475/964/120 440/967/120 441/969/120
f 479/970/121 477/968/121 441/969/121 442/971/121
f 481/972/122 479/970/122 442/971/122 443/973/122
f 483/974/123 481/972/123 443/973/123 444/975/123
f 485/976/124 483/974/124 444/975/124 445/977/124
f 487/978/125 485/976/125 445/977/125 446/979/125
f 489/980/126 487/978/126 446/979/126 447/981/126
f 491/982/127 489/980/127 447/981/127 448/983/127
f 493/984/128 491/982/128 448/983/128 449/985/128
f 495/986/129 493/984/129 449/985/129 450/987/129
f 497/988/130 495/986/130 450/987/130 451/989/130
f 499/990/131 497/988/131 451/989/131 452/991/131
f 501/992/132 499/990/132 452/991/132 453/993/132
f 503/994/133 501/992/133 453/993/133 454/995/133
f 505/996/134 503/994/134 454/995/134 455/997/134
f 507/998/135 505/996/135 455/997/135 456/999/135
f 509/1000/136 507/998/136 456/999/136 457/1001/136
f 511/1002/137 509/1000/137 457/1001/137 458/1003/137
f 513/1004/138 511/1002/138 458/1003/138 459/1005/138
f 515/1006/139 513/1004/139 459/1005/139 460/1007/139
f 517/1008/140 515/1006/140 460/1007/140 461/1009/140
f 519/1010/141 517/1008/141 461/1009/141 462/1011/141
f 521/1012/142 519/1010/142 462/1011/142 463/1013/142
f 523/1014/143 521/1012/143 463/1013/143 464/1015/143
f 525/1016/144 523/1014/144 464/1015/144 465/1017/144
f 527/1018/145 525/1016/145 465/1017/145 466/1019/145
f 529/1020/146 527/1018/146 466/1019/146 467/1021/146
f 531/865/147 529/1020/147 467/1021/147 468/866/147
f 473/965/148 471/1022/148 438/1023/148 439/966/148
f 470/864/149 471/1022/149 472/933/149 469/932/149
f 471/1022/150 473/965/150 474/934/150 472/933/150
f 473/965/151 475/964/151 476/935/151 474/934/151
f 475/964/152 477/968/152 478/936/152 476/935/152
f 477/968/153 479/970/153 480/937/153 478/936/153
f 479/970/154 481/972/154 482/938/154 480/937/154
f 481/972/155 483/974/155 484/939/155 482/938/155
f 483/974/156 485/976/156 486/940/156 484/939/156
f 485/976/157 487/978/157 488/941/157 486/940/157
f 487/978/158 489/980/158 490/942/158 488/941/158
f 489/980/159 491/982/159 492/943/159 490/942/159
f 491/982/160 493/984/160 494/944/160 492/943/160
f 493/984/161 495/986/161 496/945/161 494/944/161
f 495/986/162 497/988/162 498/946/162 496/945/162
f 497/988/163 499/990/163 500/947/163 498/946/163
f 499/990/164 501/992/164 502/948/164 500/947/164
f 501/992/165 503/994/165 504/949/165 502/948/165
f 503/994/166 505/996/166 506/950/166 504/949/166
f 505/996/167 507/998/167 508/951/167 506/950/167
f 507/998/168 509/1000/168 510/952/168 508/951/168
f 509/1000/169 511/1002/169 512/953/169 510/952/169
f 511/1002/170 513/1004/170 514/954/170 512/953/170
f 513/1004/171 515/1006/171 516/955/171 514/954/171
f 515/1006/172 517/1008/172 518/956/172 516/955/172
f 517/1008/173 519/1010/173 520/957/173 518/956/173
f 519/1010/174 521/1012/174 522/958/174 520/957/174
f 521/1012/175 523/1014/175 524/959/175 522/958/175
f 523/1014/176 525/1016/176 526/960/176 524/959/176
f 525/1016/177 527/1018/177 528/961/177 526/960/177
f 527/1018/178 529/1020/178 530/962/178 528/961/178
f 529/1020/179 531/865/179 532/963/179 530/962/179
f 531/865/180 470/864/180 469/932/180 532/963/180
f 471/1022/181 470/864/181 437/867/181 438/1023/181
f 565/1024/13 533/1025/13 534/1026/13 566/1027/13
f 566/1027/30 534/1026/30 535/1028/30 567/1029/30
f 567/1029/18 535/1028/18 536/1030/18 568/1031/18
f 568/1031/24 536/1030/24 537/1032/24 569/1033/24
f 569/1033/37 537/1032/37 538/1034/37 570/1035/37
f 570/1035/38 538/1034/38 539/1036/38 571/1037/38
f 571/1037/34 539/1036/34 540/1038/34 572/1039/34
f 572/1039/28 540/1038/28 541/1040/28 573/1041/28
f 573/1041/8 541/1040/8 542/1042/8 574/1043/8
f 574/1043/22 542/1042/22 543/1044/22 575/1045/22
f 575/1045/14 543/1044/14 544/1046/14 576/1047/14
f 576/1047/36 544/1046/36 545/1048/36 577/1049/36
f 577/1049/21 545/1048/21 546/1050/21 578/1051/21
f 578/1051/31 546/1050/31 547/1052/31 579/1053/31
f 579/1053/16 547/1052/16 548/1054/16 580/1055/16
f 580/1055/12 548/1054/12 549/1056/12 581/1057/12
f 581/1057/26 549/1056/26 550/1058/26 582/1059/26
f 582/1059/32 550/1058/32 551/1060/32 583/1061/32
f 583/1061/19 551/1060/19 552/1062/19 584/1063/19
f 584/1063/17 552/1062/17 553/1064/17 585/1065/17
f 585/1065/11 553/1064/11 554/1066/11 586/1067/11
f 586/1067/27 554/1066/27 555/1068/27 587/1069/27
f 587/1069/9 555/1068/9 556/1070/9 588/1071/9
f 588/1071/10 556/1070/10 557/1072/10 589/1073/10
f 589/1073/5 557/1072/5 558/1074/5 590/1075/5
f 590/1075/29 558/1074/29 559/1076/29 591/1077/29
f 591/1077/7 559/1076/7 560/1078/7 592/1079/7
f 592/1079/6 560/1078/6 561/1080/6 593/1081/6
f 593/1081/20 561/1080/20 562/1082/20 594/1083/20
f 594/1083/23 562/1082/23 563/1084/23 595/1085/23
f 534/1086/3 533/1087/3 564/1088/3 563/1089/3 562/1090/3 561/1091/3 560/1092/3 559/1093/3 558/1094/3 557/1095/3 556/1096/3 555/1097/3 554/1098/3 553/1099/3 552/1100/3 551/1101/3 550/1102/3 549/1103/3 548/1104/3 547/1105/3 546/1106/3 545/1107/3 544/1108/3 543/1109/3 542/1110/3 541/1111/3 540/1112/3 539/1113/3 538/1114/3 537/1115/3 536/1116/3 535/1117/3
f 595/1085/33 563/1084/33 564/1118/33 596/1119/33
f 596/1119/15 564/1118/15 533/1120/15 565/1121/15
f 662/1122/182 723/1123/182 660/1124/182 629/1125/182
f 725/1126/183 726/1127/183 565/1128/183 566/1129/183
f 727/1130/184 725/1126/184 566/1129/184 567/1131/184
f 728/1132/185 727/1130/185 567/1131/185 568/1133/185
f 729/1134/186 728/1132/186 568/1133/186 569/1135/186
f 730/1136/187 729/1134/187 569/1135/187 570/1137/187
f 731/1138/188 730/1136/188 570/1137/188 571/1139/188
f 732/1140/189 731/1138/189 571/1139/189 572/1141/189
f 733/1142/190 732/1140/190 572/1141/190 573/1143/190
f 734/1144/191 733/1142/191 573/1143/191 574/1145/191
f 735/1146/192 734/1144/192 574/1145/192 575/1147/192
f 736/1148/193 735/1146/193 575/1147/193 576/1149/193
f 737/1150/194 736/1148/194 576/1149/194 577/1151/194
f 738/1152/195 737/1150/195 577/1151/195 578/1153/195
f 739/1154/196 738/1152/196 578/1153/196 579/1155/196
f 740/1156/197 739/1154/197 579/1155/197 580/1157/197
f 741/1158/198 740/1156/198 580/1157/198 581/1159/198
f 742/1160/199 741/1158/199 581/1159/199 582/1161/199
f 743/1162/200 742/1160/200 582/1161/200 583/1163/200
f 744/1164/201 743/1162/201 583/1163/201 584/1165/201
f 745/1166/202 744/1164/202 584/1165/202 585/1167/202
f 746/1168/203 745/1166/203 585/1167/203 586/1169/203
f 747/1170/204 746/1168/204 586/1169/204 587/1171/204
f 748/1172/205 747/1170/205 587/1171/205 588/1173/205
f 749/1174/206 748/1172/206 588/1173/206 589/1175/206
f 750/1176/207 749/1174/207 589/1175/207 590/1177/207
f 751/1178/208 750/1176/208 590/1177/208 591/1179/208
f 752/1180/209 751/1178/209 591/1179/209 592/1181/209
f 753/1182/210 752/1180/210 592/1181/210 593/1183/210
f 754/1184/211 753/1182/211 593/1183/211 594/1185/211
f 755/1186/212 754/1184/212 594/1185/212 595/1187/212
f 756/1188/213 755/1186/213 595/1187/213 596/1189/213
f 726/1127/214 756/1188/214 596/1189/214 565/1128/214
f 630/1190/215 629/1191/215 597/1192/215 598/1193/215
f 631/1194/216 630/1190/216 598/1193/216 599/1195/216
f 632/1196/217 631/1194/217 599/1195/217 600/1197/217
f 633/1198/218 632/1196/218 600/1197/218 601/1199/218
f 634/1200/219 633/1198/219 601/1199/219 602/1201/219
f 635/1202/220 634/1200/220 602/1201/220 603/1203/220
f 636/1204/221 635/1202/221 603/1203/221 604/1205/221
f 637/1206/222 636/1204/222 604/1205/222 605/1207/222
f 638/1208/223 637/1206/223 605/1207/223 606/1209/223
f 639/1210/224 638/1208/224 606/1209/224 607/1211/224
f 640/1212/225 639/1210/225 607/1211/225 608/1213/225
f 641/1214/226 640/1212/226 608/1213/226 609/1215/226
f 642/1216/227 641/1214/227 609/1215/227 610/1217/227
f 643/1218/228 642/1216/228 610/1217/228 611/1219/228
f 644/1220/229 643/1218/229 611/1219/229 612/1221/229
f 645/1222/230 644/1220/230 612/1221/230 613/1223/230
f 646/1224/231 645/1222/231 613/1223/231 614/1225/231
f 647/1226/232 646/1224/232 614/1225/232 615/1227/232
f 648/1228/233 647/1226/233 615/1227/233 616/1229/233
f 649/1230/234 648/1228/234 616/1229/234 617/1231/234
f 650/1232/235 649/1230/235 617/1231/235 618/1233/235
f 651/1234/236 650/1232/236 618/1233/236 619/1235/236
f 652/1236/237 651/1234/237 619/1235/237 620/1237/237
f 653/1238/238 652/1236/238 620/1237/238 621/1239/238
f 654/1240/239 653/1238/239 621/1239/239 622/1241/239
f 655/1242/240 654/1240/240 622/1241/240 623/1243/240
f 656/1244/241 655/1242/241 623/1243/241 624/1245/241
f 657/1246/242 656/1244/242 624/1245/242 625/1247/242
f 658/1248/243 657/1246/243 625/1247/243 626/1249/243
f 659/1250/244 658/1248/244 626/1249/244 627/1251/244
f 660/1252/245 659/1250/245 627/1251/245 628/1253/245
f 629/1191/246 660/1252/246 628/1253/246 597/1192/246
f 661/1254/1 664/1255/1 666/1256/1 668/1257/1 670/1258/1 672/1259/1 674/1260/1 676/1261/1 678/1262/1 680/1263/1 682/1264/1 684/1265/1 686/1266/1 688/1267/1 690/1268/1 692/1269/1 694/1270/1 696/1271/1 698/1272/1 700/1273/1 702/1274/1 704/1275/1 706/1276/1 708/1277/1 710/1278/1 712/1279/1 714/1280/1 716/1281/1 718/1282/1 720/1283/1 722/1284/1 724/1285/1
f 667/1286/247 665/1287/247 631/1288/247 632/1289/247
f 669/1290/248 667/1286/248 632/1289/248 633/1291/248
f 671/1292/249 669/1290/249 633/1291/249 634/1293/249
f 673/1294/250 671/1292/250 634/1293/250 635/1295/250
f 675/1296/251 673/1294/251 635/1295/251 636/1204/251
f 677/1297/252 675/1296/252 636/1204/252 637/1298/252
f 679/1299/253 677/1297/253 637/1298/253 638/1300/253
f 681/1301/254 679/1299/254 638/1300/254 639/1302/254
f 683/1303/255 681/1301/255 639/1302/255 640/1304/255
f 685/1305/256 683/1303/256 640/1304/256 641/1306/256
f 687/1307/257 685/1305/257 641/1306/257 642/1308/257
f 689/1309/258 687/1307/258 642/1308/258 643/1310/258
f 691/1311/259 689/1309/259 643/1310/259 644/1312/259
f 693/1313/260 691/1311/260 644/1312/260 645/1314/260
f 695/1315/261 693/1313/261 645/1314/261 646/1316/261
f 697/1317/262 695/1315/262 646/1316/262 647/1318/262
f 699/1319/263 697/1317/263 647/1318/263 648/1320/263
f 701/1321/264 699/1319/264 648/1320/264 649/1322/264
f 703/1323/265 701/1321/265 649/1322/265 650/1324/265
f 705/1325/266 703/1323/266 650/1324/266 651/1326/266
f 707/1327/267 705/1325/267 651/1326/267 652/1328/267
f 709/1329/268 707/1327/268 652/1328/268 653/1330/268
f 711/1331/269 709/1329/269 653/1330/269 654/1332/269
f 713/1333/270 711/1331/270 654/1332/270 655/1334/270
f 715/1335/271 713/1333/271 655/1334/271 656/1336/271
f 717/1337/272 715/1335/272 656/1336/272 657/1338/272
f 719/1339/273 717/1337/273 657/1338/273 658/1340/273
f 721/1341/274 719/1339/274 658/1340/274 659/1342/274
f 723/1123/275 721/1341/275 659/1342/275 660/1124/275
f 665/1287/276 663/1343/276 630/1344/276 631/1288/276
f 662/1122/277 663/1343/277 664/1255/277 661/1254/277
f 663/1343/278 665/1287/278 666/1256/278 664/1255/278
f 665/1287/279 667/1286/279 668/1257/279 666/1256/279
f 667/1286/280 669/1290/280 670/1258/280 668/1257/280
f 669/1290/281 671/1292/281 672/1259/281 670/1258/281
f 671/1292/282 673/1294/282 674/1260/282 672/1259/282
f 673/1294/283 675/1296/283 676/1261/283 674/1260/283
f 675/1296/284 677/1297/284 678/1262/284 676/1261/284
f 677/1297/285 679/1299/285 680/1263/285 678/1262/285
f 679/1299/286 681/1301/286 682/1264/286 680/1263/286
f 681/1301/287 683/1303/287 684/1265/287 682/1264/287
f 683/1303/288 685/1305/288 686/1266/288 684/1265/288
f 685/1305/289 687/1307/289 688/1267/289 686/1266/289
f 687/1307/290 689/1309/290 690/1268/290 688/1267/290
f 689/1309/291 691/1311/291 692/1269/291 690/1268/291
f 691/1311/292 693/1313/292 694/1270/292 692/1269/292
f 693/1313/293 695/1315/293 696/1271/293 694/1270/293
f 695/1315/294 697/1317/294 698/1272/294 696/1271/294
f 697/1317/295 699/1319/295 700/1273/295 698/1272/295
f 699/1319/296 701/1321/296 702/1274/296 700/1273/296
f 701/1321/297 703/1323/297 704/1275/297 702/1274/297
f 703/1323/298 705/1325/298 706/1276/298 704/1275/298
f 705/1325/299 707/1327/299 708/1277/299 706/1276/299
f 707/1327/300 709/1329/300 710/1278/300 708/1277/300
f 709/1329/301 711/1331/301 712/1279/301 710/1278/301
f 711/1331/302 713/1333/302 714/1280/302 712/1279/302
f 713/1333/303 715/1335/303 716/1281/303 714/1280/303
f 715/1335/304 717/1337/304 718/1282/304 716/1281/304
f 717/1337/305 719/1339/305 720/1283/305 718/1282/305
f 719/1339/306 721/1341/306 722/1284/306 720/1283/306
f 721/1341/307 723/1123/307 724/1285/307 722/1284/307
f 723/1123/308 662/1122/308 661/1254/308 724/1285/308
f 663/1343/309 662/1122/309 629/1125/309 630/1344/309
f 597/1345/310 628/1346/310 756/1188/310 726/1127/310
f 628/1346/311 627/1347/311 755/1186/311 756/1188/311
f 627/1347/312 626/1348/312 754/1184/312 755/1186/312
f 626/1348/313 625/1349/313 753/1182/313 754/1184/313
f 625/1349/314 624/1350/314 752/1180/314 753/1182/314
f 624/1350/315 623/1351/315 751/1178/315 752/1180/315
f 623/1351/316 622/1352/316 750/1176/316 751/1178/316
f 622/1352/317 621/1353/317 749/1174/317 750/1176/317
f 621/1353/318 620/1354/318 748/1172/318 749/1174/318
f 620/1354/319 619/1355/319 747/1170/319 748/1172/319
f 619/1355/320 618/1356/320 746/1168/320 747/1170/320
f 618/1356/321 617/1357/321 745/1166/321 746/1168/321
f 617/1357/322 616/1358/322 744/1164/322 745/1166/322
f 616/1358/323 615/1359/323 743/1162/323 744/1164/323
f 615/1359/324 614/1360/324 742/1160/324 743/1162/324
f 614/1360/325 613/1361/325 741/1158/325 742/1160/325
f 613/1361/326 612/1362/326 740/1156/326 741/1158/326
f 612/1362/327 611/1363/327 739/1154/327 740/1156/327
f 611/1363/328 610/1364/328 738/1152/328 739/1154/328
f 610/1364/329 609/1365/329 737/1150/329 738/1152/329
f 609/1365/330 608/1366/330 736/1148/330 737/1150/330
f 608/1366/331 607/1367/331 735/1146/331 736/1148/331
f 607/1367/332 606/1368/332 734/1144/332 735/1146/332
f 606/1368/333 605/1369/333 733/1142/333 734/1144/333
f 605/1369/334 604/1370/334 732/1140/334 733/1142/334
f 604/1370/335 603/1371/335 731/1138/335 732/1140/335
f 603/1371/336 602/1372/336 730/1136/336 731/1138/336
f 602/1372/337 601/1373/337 729/1134/337 730/1136/337
f 601/1373/338 600/1374/338 728/1132/338 729/1134/338
f 600/1374/339 599/1375/339 727/1130/339 728/1132/339
f 599/1375/340 598/1376/340 725/1126/340 727/1130/340
f 598/1376/341 597/1345/341 726/1127/341 725/1126/341
f 757/1377/1 758/1378/1 760/1379/1 759/1380/1
f 759/1381/4 760/1382/4 764/1383/4 763/1384/4
f 763/1385/3 764/1386/3 762/1387/3 761/1388/3
f 761/1389/2 762/1390/2 758/1391/2 757/1392/2
f 759/1393/39 763/1394/39 761/1395/39 757/1396/39
f 764/1386/35 760/1397/35 758/1398/35 762/1387/35
o Cube.001_Cube.003
v 0.204472 1.818926 1.396684
v 0.251354 1.806723 1.281996
v 0.296434 1.770582 1.171715
v 0.337981 1.711893 1.070079
v 0.374396 1.632911 0.980995
v 0.404281 1.536671 0.907885
v 0.426488 1.426872 0.853560
v 0.440163 1.307733 0.820106
v 0.444781 1.183833 0.808810
v 0.440163 1.059932 0.820106
v 0.426488 0.940793 0.853560
v 0.404281 0.830994 0.907885
v 0.374396 0.734754 0.980995
v 0.337981 0.655772 1.070079
v 0.296434 0.597083 1.171715
v 0.251354 0.560942 1.281996
v 0.204472 0.548739 1.396684
v 0.157590 0.560942 1.511373
v 0.112510 0.597083 1.621654
v 0.070964 0.655772 1.723289
v 0.034549 0.734754 1.812374
v 0.004663 0.830994 1.885483
v -0.017544 0.940793 1.939809
v -0.031219 1.059933 1.973262
v -0.035836 1.183833 1.984558
v -0.031218 1.307734 1.973262
v -0.017543 1.426873 1.939808
v 0.004663 1.536672 1.885483
v 0.034549 1.632912 1.812373
v 0.070964 1.711894 1.723289
v 0.112511 1.770583 1.621653
v 0.157591 1.806723 1.511372
v -0.363455 1.777333 2.683001
v -0.319644 1.765929 2.575823
v -0.277516 1.732155 2.472765
v -0.238690 1.677310 2.377785
v -0.204660 1.603500 2.294535
v -0.176732 1.513564 2.226214
v -0.155979 1.410955 2.175446
v -0.143200 1.299619 2.144184
v -0.138885 1.183833 2.133628
v -0.143200 1.068046 2.144184
v -0.155979 0.956710 2.175446
v -0.176732 0.854101 2.226214
v -0.204660 0.764164 2.294535
v -0.238690 0.690355 2.377785
v -0.277516 0.635510 2.472765
v -0.319644 0.601736 2.575824
v -0.363455 0.590332 2.683001
v -0.407267 0.601736 2.790178
v -0.449394 0.635510 2.893237
v -0.488220 0.690355 2.988216
v -0.522250 0.764165 3.071466
v -0.550178 0.854102 3.139788
v -0.570931 0.956710 3.190556
v -0.583710 1.068047 3.221818
v -0.588025 1.183833 3.232374
v -0.583710 1.299619 3.221817
v -0.570931 1.410956 3.190555
v -0.550178 1.513564 3.139787
v -0.522250 1.603501 3.071465
v -0.488219 1.677310 2.988215
v -0.449394 1.732156 2.893236
v -0.407266 1.765929 2.790177
v -1.466782 0.854102 2.765103
v -1.487535 0.956710 2.815870
v -1.121264 0.764164 1.919850
v -1.093335 0.854101 1.851529
v -1.059803 1.068046 1.769499
v -1.194119 0.635510 2.098080
v -1.155294 0.690355 2.003100
v -1.323870 0.601736 2.415493
v -1.280059 0.590332 2.308316
v -1.236247 0.601736 2.201138
v -1.072583 0.956710 1.800761
v -1.438854 0.764165 2.696781
v -1.404823 0.690355 2.613531
v -1.365998 0.635510 2.518552
v -1.500314 1.068047 2.847133
v -1.487535 1.410956 2.815870
v -1.504629 1.183833 2.857689
v -1.055488 1.183833 1.758942
v -1.059803 1.299619 1.769499
v -1.500314 1.299619 2.847132
v -1.072583 1.410955 1.800761
v -1.121264 1.603500 1.919850
v -1.466782 1.513564 2.765102
v -1.438854 1.603501 2.696780
v -1.093335 1.513564 1.851529
v -1.404823 1.677310 2.613530
v -1.155294 1.677310 2.003100
v -1.194119 1.732155 2.098080
v -1.236247 1.765929 2.201138
v -1.365998 1.732156 2.518551
v -1.323870 1.765929 2.415492
v -1.280059 1.777333 2.308316
v -0.548405 0.830994 0.518450
v -0.526198 0.940793 0.464125
v -0.578291 0.734754 0.591560
v -0.948024 0.830994 1.496048
v -0.795096 0.560942 1.121938
v -0.840176 0.597083 1.232219
v -0.748214 0.548739 1.007249
v -0.881723 0.655772 1.333854
v -0.512524 1.059932 0.430671
v -0.918138 0.734754 1.422939
v -0.970230 0.940793 1.550374
v -0.656253 0.597083 0.782279
v -0.614706 0.655772 0.680644
v -0.701332 0.560942 0.892561
v -0.507906 1.183833 0.419376
v -0.512524 1.307733 0.430671
v -0.983905 1.059933 1.583827
v -0.526198 1.426872 0.464125
v -0.970230 1.426873 1.550373
v -0.983905 1.307734 1.583827
v -0.988523 1.183833 1.595123
v -0.918138 1.632912 1.422938
v -0.948023 1.536672 1.496048
v -0.578291 1.632911 0.591560
v -0.548405 1.536671 0.518450
v -0.614706 1.711893 0.680644
v -0.881722 1.711894 1.333853
v -0.656252 1.770582 0.782280
v -0.840176 1.770583 1.232218
v -0.795096 1.806723 1.121937
v -0.701333 1.806723 0.892561
v -0.748214 1.818926 1.007249
v -0.345186 0.243463 0.021309
v -0.380547 0.183833 0.107812
v -0.376340 0.212040 0.097522
v -0.349924 0.213648 0.032899
v -0.362866 0.191822 0.064561
v -1.495806 0.183832 2.836106
v -1.531166 0.243463 2.922608
v -1.505657 0.225127 2.860205
v -1.513486 0.191821 2.879357
v -1.526429 0.213647 2.911019
v -0.380547 2.183833 0.107812
v -0.345186 2.124202 0.021310
v -0.376340 2.155626 0.097522
v -0.362866 2.175844 0.064561
v -0.349924 2.154017 0.032899
v -1.531166 2.124202 2.922608
v -1.495806 2.183832 2.836106
v -1.505657 2.142538 2.860205
v -1.526429 2.154017 2.911019
v -1.513486 2.175843 2.879357
v 1.470752 0.183833 0.864577
v 1.506112 0.243463 0.778075
v 1.488432 0.191822 0.821326
v 1.501375 0.213648 0.789664
v 0.320132 0.243463 3.679374
v 0.355492 0.183832 3.592871
v 0.324869 0.213647 3.667785
v 0.337812 0.191821 3.636123
v 1.506112 2.124202 0.778075
v 1.470752 2.183833 0.864577
v 1.501375 2.154017 0.789664
v 1.488432 2.175844 0.821326
v 0.355492 2.183832 3.592872
v 0.320132 2.124202 3.679374
v 0.337812 2.175843 3.636123
v 0.324869 2.154017 3.667785
v 0.204472 1.818926 1.396684
v 0.251354 1.806723 1.281996
v 0.296434 1.770582 1.171715
v 0.337981 1.711893 1.070079
v 0.374396 1.632911 0.980995
v 0.404281 1.536671 0.907885
v 0.426488 1.426872 0.853560
v 0.440163 1.307733 0.820106
v 0.444781 1.183833 0.808810
v 0.440163 1.059932 0.820106
v 0.426488 0.940793 0.853560
v 0.404281 0.830994 0.907885
v 0.374396 0.734754 0.980995
v 0.337981 0.655772 1.070079
v 0.296434 0.597083 1.171715
v 0.251354 0.560942 1.281996
v 0.204472 0.548739 1.396684
v 0.157590 0.560942 1.511373
v 0.112510 0.597083 1.621654
v 0.070964 0.655772 1.723289
v 0.034549 0.734754 1.812374
v 0.004663 0.830994 1.885483
v -0.017544 0.940793 1.939809
v -0.031219 1.059933 1.973262
v -0.035836 1.183833 1.984558
v -0.031218 1.307734 1.973262
v -0.017543 1.426873 1.939808
v 0.004663 1.536672 1.885483
v 0.034549 1.632912 1.812373
v 0.070964 1.711894 1.723289
v 0.112511 1.770583 1.621653
v 0.157591 1.806723 1.511372
v -1.044539 1.410955 1.812225
v -1.031759 1.299619 1.780962
v -1.027444 1.183833 1.770406
v -1.031759 1.068046 1.780962
v -1.044538 0.956710 1.812225
v 0.761995 2.106020 1.627509
v 0.830070 2.088300 1.460975
v 0.895528 2.035823 1.300842
v 0.955855 1.950603 1.153262
v 1.008733 1.835918 1.023907
v 1.052128 1.696172 0.917748
v 1.084373 1.536738 0.838865
v 1.104230 1.363742 0.790289
v 1.110935 1.183833 0.773887
v 1.104230 1.003923 0.790289
v 1.084373 0.830927 0.838865
v 1.052128 0.671493 0.917748
v 1.008733 0.531748 1.023907
v 0.955855 0.417062 1.153262
v 0.895528 0.331842 1.300842
v 0.830070 0.279365 1.460976
v 0.761995 0.261645 1.627509
v 0.693920 0.279365 1.794043
v 0.628461 0.331842 1.954176
v 0.568134 0.417062 2.101756
v 0.515257 0.531748 2.231111
v 0.471862 0.671493 2.337270
v 0.439616 0.830927 2.416153
v 0.419760 1.003923 2.464729
v 0.413055 1.183833 2.481131
v 0.419760 1.363743 2.464729
v 0.439617 1.536739 2.416152
v 0.471862 1.696173 2.337269
v 0.515257 1.835918 2.231110
v 0.568135 1.950604 2.101755
v 0.628462 2.035823 1.954175
v 0.693921 2.088301 1.794041
v -0.747578 2.106020 1.010432
v -0.679504 2.088300 0.843899
v -0.614045 2.035823 0.683765
v -0.553718 1.950603 0.536185
v -0.500841 1.835918 0.406830
v -0.457445 1.696172 0.300671
v -0.425200 1.536738 0.221788
v -0.405343 1.363742 0.173212
v -0.398638 1.183833 0.156810
v -0.405343 1.003923 0.173212
v -0.425200 0.830927 0.221788
v -0.457445 0.671493 0.300671
v -0.500841 0.531748 0.406830
v -0.553718 0.417062 0.536185
v -0.614045 0.331842 0.683765
v -0.679504 0.279365 0.843899
v -0.747578 0.261645 1.010432
v -0.815653 0.279365 1.176966
v -0.881112 0.331842 1.337100
v -0.941439 0.417062 1.484680
v -0.994316 0.531748 1.614035
v -1.037711 0.671493 1.720193
v -1.069957 0.830927 1.799077
v -1.069957 1.536739 1.799076
v -1.037711 1.696173 1.720193
v -0.994316 1.835918 1.614033
v -0.941438 1.950604 1.484678
v -0.881111 2.035823 1.337098
v -0.815653 2.088301 1.176964
v -0.821639 2.018692 0.980158
v -0.772043 2.106020 1.000432
v -0.760010 2.002650 0.829395
v -0.703968 2.088300 0.833898
v -0.700750 1.955142 0.684425
v -0.638510 2.035823 0.673764
v -0.646136 1.877993 0.550821
v -0.578183 1.950603 0.526184
v -0.598266 1.774167 0.433715
v -0.525306 1.835918 0.396830
v -0.558980 1.647655 0.337609
v -0.481910 1.696172 0.290671
v -0.529788 1.503319 0.266196
v -0.449665 1.536738 0.211788
v -0.511812 1.346706 0.222220
v -0.429808 1.363742 0.163212
v -0.505742 1.183833 0.207371
v -0.423103 1.183833 0.146809
v -0.511812 1.020959 0.222220
v -0.429808 1.003923 0.163211
v -0.529788 0.864346 0.266196
v -0.449665 0.830927 0.211787
v -0.558980 0.720010 0.337609
v -0.481910 0.671493 0.290671
v -0.598266 0.593498 0.433715
v -0.525306 0.531748 0.396830
v -0.646136 0.489672 0.550821
v -0.578183 0.417062 0.526185
v -0.700750 0.412523 0.684425
v -0.638510 0.331842 0.673765
v -0.760010 0.365015 0.829395
v -0.703969 0.279365 0.833898
v -0.821639 0.348973 0.980159
v -0.772043 0.261645 1.000432
v -0.883267 0.365015 1.130922
v -0.840118 0.279365 1.166965
v -0.942527 0.412523 1.275891
v -0.905577 0.331842 1.327099
v -0.997142 0.489673 1.409496
v -0.965904 0.417062 1.474679
v -1.045011 0.593498 1.526601
v -1.018781 0.531748 1.604034
v -1.084297 0.720010 1.622707
v -1.062176 0.671493 1.710193
v -1.113489 0.864346 1.694120
v -1.094422 0.830927 1.789076
v -1.131465 1.020960 1.738096
v -1.131465 1.346706 1.738096
v -1.113489 1.503320 1.694120
v -1.094422 1.536739 1.789075
v -1.084297 1.647656 1.622707
v -1.062176 1.696173 1.710192
v -1.045011 1.774168 1.526600
v -1.018781 1.835918 1.604033
v -0.997141 1.877993 1.409495
v -0.965903 1.950604 1.474678
v -0.942527 1.955142 1.275890
v -0.905576 2.035823 1.327097
v -0.883267 2.002650 1.130920
v -0.840117 2.088301 1.166964
v -1.063429 1.363743 1.858437
v -1.053133 1.453448 1.833249
v -1.079517 1.453448 1.822464
v -1.114830 1.410955 1.783491
v -1.103982 1.453448 1.812463
v -1.053133 0.914217 1.833249
v -1.114830 0.956710 1.783491
v -1.063429 1.003923 1.858438
v -1.079517 0.914217 1.822464
v -1.103982 0.914217 1.812463
v -1.070134 1.183833 1.874840
v -1.132971 1.306302 1.741780
v -1.132204 1.299619 1.739903
v -1.127998 1.350143 1.758180
v -1.127998 1.017523 1.758179
v -1.132971 1.061363 1.741780
v -1.132204 1.068046 1.739903
v -1.127889 1.183833 1.729347
v -0.584924 1.059932 0.401076
v -0.620806 0.830994 0.488855
v -0.598599 0.940793 0.434529
v -0.650691 0.734754 0.561964
v -0.687107 0.655772 0.651049
v -0.728653 0.597083 0.752684
v -0.773733 0.560942 0.862965
v -0.820615 0.548739 0.977654
v -0.867497 0.560942 1.092342
v -0.912577 0.597083 1.202623
v -0.954123 0.655772 1.304259
v -0.990539 0.734754 1.393343
v -1.020424 0.830994 1.466453
v -1.042631 0.940793 1.520778
v -0.580306 1.183833 0.389780
v -0.584924 1.307733 0.401076
v -0.598599 1.426872 0.434529
v -1.056306 1.307734 1.554231
v -1.042631 1.426873 1.520778
v -1.060923 1.183833 1.565527
v -1.056306 1.059933 1.554231
v -0.620806 1.536671 0.488855
v -0.650691 1.632911 0.561964
v -1.020424 1.536672 1.466452
v -0.990538 1.632912 1.393342
v -0.687107 1.711893 0.651049
v -0.954123 1.711894 1.304258
v -0.728653 1.770582 0.752684
v -0.912577 1.770583 1.202622
v -0.867496 1.806723 1.092341
v -0.773733 1.806723 0.862965
v -0.820615 1.818926 0.977654
v -0.324198 1.777333 2.699048
v -0.280387 1.765929 2.591871
v -0.238259 1.732155 2.488812
v -0.199434 1.677310 2.393833
v -0.165403 1.603500 2.310583
v -0.137475 1.513564 2.242261
v -0.116722 1.410955 2.191494
v -0.103943 1.299619 2.160231
v -0.099628 1.183833 2.149675
v -0.103943 1.068046 2.160231
v -0.116722 0.956710 2.191494
v -0.137475 0.854101 2.242261
v -0.165403 0.764164 2.310583
v -0.199434 0.690355 2.393833
v -0.238259 0.635510 2.488812
v -0.280387 0.601736 2.591871
v -0.324198 0.590332 2.699048
v -0.368010 0.601736 2.806226
v -0.410138 0.635510 2.909284
v -0.448963 0.690355 3.004263
v -0.482993 0.764165 3.087514
v -0.510922 0.854102 3.155835
v -0.531674 0.956710 3.206603
v -0.544453 1.068047 3.237865
v -0.548768 1.183833 3.248421
v -0.544453 1.299619 3.237865
v -0.531674 1.410956 3.206602
v -0.510921 1.513564 3.155835
v -0.482993 1.603501 3.087513
v -0.448963 1.677310 3.004263
v -0.410137 1.732156 2.909283
v -0.368009 1.765929 2.806224
v -1.288089 1.777333 2.305033
v -1.244277 1.765929 2.197856
v -1.202150 1.732155 2.094797
v -1.163324 1.677310 1.999818
v -1.129294 1.603500 1.916568
v -1.101365 1.513564 1.848246
v -1.080613 1.410955 1.797479
v -1.067834 1.299619 1.766216
v -1.063519 1.183833 1.755660
v -1.067834 1.068046 1.766216
v -1.080613 0.956710 1.797479
v -1.101365 0.854101 1.848246
v -1.129294 0.764164 1.916568
v -1.163324 0.690355 1.999818
v -1.202150 0.635510 2.094797
v -1.244277 0.601736 2.197856
v -1.288089 0.590332 2.305033
v -1.331900 0.601736 2.412211
v -1.374028 0.635510 2.515269
v -1.412853 0.690355 2.610249
v -1.446884 0.764165 2.693499
v -1.474812 0.854102 2.761820
v -1.495565 0.956710 2.812588
v -1.508344 1.068047 2.843850
v -1.512659 1.183833 2.854406
v -1.508344 1.299619 2.843850
v -1.495565 1.410956 2.812587
v -1.474812 1.513564 2.761820
v -1.446884 1.603501 2.693498
v -1.412853 1.677310 2.610248
v -1.374028 1.732156 2.515268
v -1.331900 1.765929 2.412210
v -1.199648 1.394901 2.341186
v -1.184067 1.390846 2.303070
v -1.169085 1.378835 2.266418
v -1.155277 1.359330 2.232641
v -1.143175 1.333081 2.203034
v -1.133243 1.301096 2.178736
v -1.125862 1.264605 2.160682
v -1.121318 1.225010 2.149564
v -1.119783 1.183833 2.145810
v -1.121318 1.142655 2.149564
v -1.125862 1.103060 2.160682
v -1.133243 1.066569 2.178737
v -1.143175 1.034584 2.203034
v -1.155277 1.008335 2.232641
v -1.169085 0.988830 2.266419
v -1.184067 0.976819 2.303070
v -1.199648 0.972764 2.341186
v -1.215229 0.976819 2.379302
v -1.230211 0.988830 2.415953
v -1.244018 1.008335 2.449731
v -1.256121 1.034584 2.479337
v -1.266053 1.066569 2.503635
v -1.273433 1.103060 2.521689
v -1.277978 1.142655 2.532807
v -1.279513 1.183833 2.536561
v -1.277978 1.225010 2.532807
v -1.273433 1.264605 2.521689
v -1.266053 1.301096 2.503634
v -1.256121 1.333081 2.479337
v -1.244018 1.359330 2.449730
v -1.230211 1.378835 2.415952
v -1.215229 1.390846 2.379301
v -1.255739 1.194466 2.318257
v -1.215036 1.364859 2.334896
v -1.201673 1.361380 2.302205
v -1.254954 1.194262 2.316337
v -1.188823 1.351079 2.270770
v -1.254199 1.193657 2.314490
v -1.176981 1.334350 2.241800
v -1.253504 1.192674 2.312788
v -1.166601 1.311837 2.216408
v -1.252894 1.191352 2.311297
v -1.158082 1.284405 2.195569
v -1.252393 1.189740 2.310072
v -1.151752 1.253108 2.180084
v -1.252022 1.187902 2.309163
v -1.147855 1.219149 2.170548
v -1.251793 1.185907 2.308603
v -1.146538 1.183832 2.167329
v -1.251715 1.183832 2.308414
v -1.147855 1.148516 2.170548
v -1.251793 1.181758 2.308603
v -1.151752 1.114557 2.180084
v -1.252022 1.179763 2.309163
v -1.158082 1.083260 2.195569
v -1.252393 1.177925 2.310073
v -1.166601 1.055827 2.216408
v -1.252894 1.176313 2.311297
v -1.176981 1.033315 2.241800
v -1.253504 1.174991 2.312788
v -1.188823 1.016586 2.270770
v -1.254199 1.174008 2.314490
v -1.201673 1.006284 2.302205
v -1.254954 1.173403 2.316337
v -1.215036 1.002806 2.334895
v -1.255739 1.173199 2.318257
v -1.228399 1.006284 2.367586
v -1.256524 1.173403 2.320177
v -1.241248 1.016586 2.399021
v -1.257279 1.174008 2.322024
v -1.253091 1.033315 2.427991
v -1.257974 1.174991 2.323726
v -1.263471 1.055828 2.453383
v -1.258584 1.176313 2.325217
v -1.271989 1.083260 2.474222
v -1.259084 1.177925 2.326441
v -1.278319 1.114557 2.489707
v -1.259456 1.179763 2.327351
v -1.282217 1.148516 2.499243
v -1.259685 1.181758 2.327911
v -1.283533 1.183833 2.502462
v -1.259763 1.183833 2.328100
v -1.282217 1.219149 2.499243
v -1.259685 1.185907 2.327911
v -1.278319 1.253109 2.489707
v -1.259456 1.187902 2.327351
v -1.271989 1.284405 2.474222
v -1.259085 1.189740 2.326441
v -1.263470 1.311838 2.453383
v -1.258584 1.191352 2.325217
v -1.253091 1.334351 2.427990
v -1.257974 1.192674 2.323726
v -1.241248 1.351079 2.399020
v -1.257279 1.193657 2.322024
v -1.228399 1.361381 2.367586
v -1.256524 1.194262 2.320177
v 0.204472 1.818926 1.396684
v 0.251354 1.806723 1.281996
v 0.296434 1.770582 1.171715
v 0.337981 1.711893 1.070079
v 0.374396 1.632911 0.980995
v 0.404281 1.536671 0.907885
v 0.426488 1.426872 0.853560
v 0.440163 1.307733 0.820106
v 0.444781 1.183833 0.808810
v 0.440163 1.059932 0.820106
v 0.426488 0.940793 0.853560
v 0.404281 0.830994 0.907885
v 0.374396 0.734754 0.980995
v 0.337981 0.655772 1.070079
v 0.296434 0.597083 1.171715
v 0.251354 0.560942 1.281996
v 0.204472 0.548739 1.396684
v 0.157590 0.560942 1.511373
v 0.112510 0.597083 1.621654
v 0.070964 0.655772 1.723289
v 0.034549 0.734754 1.812374
v 0.004663 0.830994 1.885483
v -0.017544 0.940793 1.939809
v -0.031219 1.059933 1.973262
v -0.035836 1.183833 1.984558
v -0.031218 1.307734 1.973262
v -0.017543 1.426873 1.939808
v 0.004663 1.536672 1.885483
v 0.034549 1.632912 1.812373
v 0.070964 1.711894 1.723289
v 0.112511 1.770583 1.621653
v 0.157591 1.806723 1.511372
v -0.831435 1.818926 0.973230
v -0.784554 1.806723 0.858542
v -0.739473 1.770582 0.748261
v -0.697927 1.711893 0.646625
v -0.661512 1.632911 0.557541
v -0.631626 1.536671 0.484431
v -0.609419 1.426872 0.430106
v -0.595745 1.307733 0.396653
v -0.591127 1.183833 0.385357
v -0.595744 1.059932 0.396652
v -0.609419 0.940793 0.430106
v -0.631626 0.830994 0.484431
v -0.661512 0.734754 0.557541
v -0.697927 0.655772 0.646625
v -0.739473 0.597083 0.748261
v -0.784554 0.560942 0.858542
v -0.831436 0.548739 0.973230
v -0.878317 0.560942 1.087919
v -0.923398 0.597083 1.198200
v -0.964944 0.655772 1.299836
v -1.001359 0.734754 1.388920
v -1.031245 0.830994 1.462030
v -1.053451 0.940793 1.516355
v -1.067126 1.059933 1.549808
v -1.071744 1.183833 1.561104
v -1.067126 1.307734 1.549808
v -1.053451 1.426873 1.516354
v -1.031244 1.536672 1.462029
v -1.001359 1.632912 1.388919
v -0.964943 1.711894 1.299835
v -0.923397 1.770583 1.198199
v -0.878317 1.806723 1.087918
v -0.841190 1.728490 0.969243
v -0.800984 1.718025 0.870886
v -0.762323 1.687031 0.776308
v -0.726693 1.636699 0.689146
v -0.695463 1.568964 0.612747
v -0.669833 1.486428 0.550048
v -0.650788 1.392264 0.503458
v -0.639060 1.290090 0.474769
v -0.635101 1.183832 0.465081
v -0.639060 1.077575 0.474769
v -0.650788 0.975401 0.503458
v -0.669833 0.881237 0.550048
v -0.695463 0.798701 0.612747
v -0.726693 0.730966 0.689146
v -0.762323 0.680634 0.776309
v -0.800984 0.649640 0.870886
v -0.841190 0.639175 0.969243
v -0.881396 0.649640 1.067600
v -0.920057 0.680635 1.162178
v -0.955687 0.730966 1.249341
v -0.986917 0.798702 1.325740
v -1.012547 0.881237 1.388439
v -1.031591 0.975401 1.435028
v -1.043319 1.077575 1.463718
v -1.047279 1.183833 1.473405
v -1.043319 1.290090 1.463717
v -1.031591 1.392264 1.435028
v -1.012546 1.486429 1.388438
v -0.986917 1.568964 1.325739
v -0.955686 1.636699 1.249340
v -0.920056 1.687031 1.162177
v -0.881395 1.718025 1.067599
v -0.627739 1.401702 1.056497
v -0.611656 1.397516 1.017153
v -0.596191 1.385118 0.979320
v -0.581939 1.364984 0.944454
v -0.569446 1.337889 0.913894
v -0.559194 1.304874 0.888813
v -0.551576 1.267208 0.870177
v -0.546885 1.226337 0.858701
v -0.545301 1.183832 0.854826
v -0.546885 1.141328 0.858701
v -0.551576 1.100458 0.870177
v -0.559194 1.062791 0.888813
v -0.569446 1.029775 0.913894
v -0.581939 1.002681 0.944454
v -0.596191 0.982547 0.979320
v -0.611656 0.970149 1.017152
v -0.627739 0.965963 1.056497
v -0.643822 0.970149 1.095840
v -0.659287 0.982547 1.133673
v -0.673539 1.002681 1.168539
v -0.686031 1.029776 1.199099
v -0.696284 1.062791 1.224180
v -0.703902 1.100457 1.242816
v -0.708593 1.141329 1.254292
v -0.710177 1.183833 1.258167
v -0.708593 1.226337 1.254292
v -0.703902 1.267208 1.242816
v -0.696284 1.304874 1.224180
v -0.686031 1.337890 1.199099
v -0.673539 1.364985 1.168539
v -0.659286 1.385118 1.133672
v -0.643821 1.397516 1.095840
v -0.739772 1.190162 1.010708
v -0.666346 1.376421 1.040718
v -0.652129 1.372721 1.005938
v -0.739304 1.190040 1.009564
v -0.638458 1.361761 0.972495
v -0.738854 1.189680 1.008464
v -0.625860 1.343964 0.941676
v -0.738429 1.189095 1.007456
v -0.614816 1.320012 0.914659
v -0.738086 1.188302 1.006553
v -0.605753 1.290828 0.892489
v -0.737777 1.187344 1.005830
v -0.599020 1.257535 0.876017
v -0.737558 1.186262 1.005294
v -0.594873 1.221405 0.865872
v -0.737421 1.185068 1.004959
v -0.593473 1.183832 0.862447
v -0.737375 1.183830 1.004846
v -0.594873 1.146261 0.865872
v -0.737421 1.182599 1.004958
v -0.599020 1.110132 0.876016
v -0.737557 1.181412 1.005291
v -0.605754 1.076835 0.892491
v -0.737779 1.180314 1.005834
v -0.614817 1.047651 0.914661
v -0.738088 1.179356 1.006558
v -0.625860 1.023701 0.941674
v -0.738428 1.178570 1.007453
v -0.638458 1.005904 0.972494
v -0.738853 1.177986 1.008461
v -0.652128 0.994945 1.005936
v -0.739301 1.177626 1.009558
v -0.666345 0.991244 1.040716
v -0.739768 1.177505 1.010701
v -0.680561 0.994945 1.075494
v -0.740235 1.177626 1.011843
v -0.694232 1.005904 1.108938
v -0.740687 1.177988 1.012948
v -0.706831 1.023702 1.139759
v -0.741102 1.178575 1.013963
v -0.717873 1.047651 1.166772
v -0.741463 1.179357 1.014846
v -0.726935 1.076834 1.188941
v -0.741759 1.180311 1.015570
v -0.733670 1.110131 1.205415
v -0.741981 1.181408 1.016113
v -0.737817 1.146262 1.215560
v -0.742118 1.182602 1.016448
v -0.739217 1.183833 1.218986
v -0.742164 1.183833 1.016561
v -0.737817 1.221405 1.215560
v -0.742118 1.185066 1.016448
v -0.733670 1.257534 1.205415
v -0.741981 1.186257 1.016114
v -0.726936 1.290829 1.188942
v -0.741760 1.187349 1.015574
v -0.717873 1.320013 1.166772
v -0.741463 1.188306 1.014846
v -0.706831 1.343964 1.139758
v -0.741101 1.189091 1.013961
v -0.694232 1.361761 1.108937
v -0.740686 1.189677 1.012946
v -0.680560 1.372722 1.075490
v -0.740231 1.190042 1.011832
v -0.803194 1.762374 0.860452
v -0.846738 1.773708 0.966975
v -0.761323 1.728806 0.758023
v -0.722735 1.674296 0.663624
v -0.688913 1.600937 0.580882
v -0.661155 1.511550 0.512978
v -0.640529 1.409568 0.462520
v -0.627828 1.298911 0.431449
v -0.623539 1.183833 0.420957
v -0.627828 1.068754 0.431449
v -0.640529 0.958097 0.462520
v -0.661155 0.856115 0.512978
v -0.688913 0.766728 0.580882
v -0.722735 0.693369 0.663624
v -0.761324 0.638859 0.758023
v -0.803194 0.605291 0.860452
v -0.846738 0.593957 0.966975
v -0.890282 0.605291 1.073498
v -0.932153 0.638859 1.175927
v -0.970741 0.693369 1.270327
v -1.004563 0.766728 1.353068
v -1.032321 0.856116 1.420972
v -1.052947 0.958097 1.471430
v -1.065648 1.068754 1.502501
v -1.069937 1.183833 1.512993
v -1.065648 1.298912 1.502501
v -1.052947 1.409569 1.471429
v -1.032321 1.511550 1.420972
v -1.004563 1.600938 1.353067
v -0.970740 1.674296 1.270326
v -0.932152 1.728807 1.175926
v -0.890281 1.762374 1.073497
v -0.452874 1.078345 0.040311
v -0.553963 1.078345 0.287608
v -0.452874 1.289320 0.040311
v -0.553963 1.289320 0.287608
v -0.329614 1.078345 0.090697
v -0.430703 1.078345 0.337994
v -0.329614 1.289320 0.090697
v -0.430703 1.289320 0.337994
vt 0.296822 0.485388
vt 0.341844 0.471731
vt 0.383337 0.449553
vt 0.419706 0.419706
vt 0.449553 0.383337
vt 0.471731 0.341844
vt 0.485388 0.296822
vt 0.490000 0.250000
vt 0.485388 0.203178
vt 0.471731 0.158156
vt 0.449553 0.116663
vt 0.419706 0.080294
vt 0.383337 0.050447
vt 0.341844 0.028269
vt 0.296822 0.014612
vt 0.250000 0.010000
vt 0.203178 0.014612
vt 0.158156 0.028269
vt 0.116663 0.050447
vt 0.080294 0.080294
vt 0.050447 0.116663
vt 0.028269 0.158156
vt 0.014611 0.203179
vt 0.010000 0.250000
vt 0.014612 0.296822
vt 0.028269 0.341844
vt 0.050447 0.383337
vt 0.080295 0.419706
vt 0.116663 0.449553
vt 0.158156 0.471731
vt 0.203179 0.485389
vt 0.250000 0.490000
vt 0.296822 0.485388
vt 0.341844 0.471731
vt 0.383337 0.449553
vt 0.419706 0.419706
vt 0.449553 0.383337
vt 0.471731 0.341844
vt 0.485388 0.296822
vt 0.490000 0.250000
vt 0.485388 0.203178
vt 0.471731 0.158156
vt 0.449553 0.116663
vt 0.419706 0.080294
vt 0.383337 0.050447
vt 0.341844 0.028269
vt 0.296822 0.014612
vt 0.250000 0.010000
vt 0.203178 0.014612
vt 0.158156 0.028269
vt 0.116663 0.050447
vt 0.080294 0.080294
vt 0.050447 0.116663
vt 0.028269 0.158156
vt 0.014611 0.203179
vt 0.010000 0.250000
vt 0.014612 0.296822
vt 0.028269 0.341844
vt 0.050447 0.383337
vt 0.080295 0.419706
vt 0.116663 0.449553
vt 0.158156 0.471731
vt 0.203179 0.485389
vt 0.250000 0.490000
vt 0.751486 0.134204
vt 0.751486 0.869993
vt 0.751486 0.869993
vt 0.751486 0.134204
vt 0.278646 0.596400
vt 0.278982 0.595143
vt 0.279903 0.594222
vt 0.281161 0.593885
vt 0.360492 0.593885
vt 0.361749 0.594222
vt 0.362670 0.595143
vt 0.363007 0.596400
vt 0.363007 0.675731
vt 0.362670 0.676989
vt 0.361749 0.677910
vt 0.360492 0.678247
vt 0.281161 0.678247
vt 0.279903 0.677910
vt 0.278982 0.676989
vt 0.278646 0.675731
vt 0.262125 0.893322
vt 0.257501 0.876492
vt 0.349606 0.727654
vt 0.352482 0.756558
vt 0.360999 0.784352
vt 0.374831 0.809967
vt 0.393446 0.832419
vt 0.416128 0.850844
vt 0.442006 0.864536
vt 0.470085 0.872967
vt 0.499286 0.875814
vt 0.528487 0.872967
vt 0.556566 0.864536
vt 0.582444 0.850844
vt 0.605126 0.832419
vt 0.623741 0.809967
vt 0.637573 0.784352
vt 0.646091 0.756559
vt 0.648967 0.727654
vt 0.741071 0.876492
vt 0.736447 0.893322
vt 0.755757 0.131429
vt 0.763034 0.134267
vt 0.763034 0.886902
vt 0.752381 0.893550
vt 0.658168 0.741305
vt 0.655226 0.711738
vt 0.646513 0.683308
vt 0.632364 0.657107
vt 0.613323 0.634141
vt 0.590122 0.615294
vt 0.563652 0.601289
vt 0.534930 0.592665
vt 0.505060 0.589753
vt 0.475190 0.592665
vt 0.446468 0.601289
vt 0.419998 0.615294
vt 0.396797 0.634141
vt 0.377756 0.657107
vt 0.363607 0.683308
vt 0.354895 0.711738
vt 0.351953 0.741305
vt 0.257739 0.893550
vt 0.247087 0.886902
vt 0.247087 0.134267
vt 0.254363 0.131429
vt 0.341223 0.382389
vt 0.344371 0.414027
vt 0.353694 0.444449
vt 0.368834 0.472487
vt 0.389210 0.497062
vt 0.414037 0.517230
vt 0.442362 0.532216
vt 0.473097 0.541445
vt 0.505060 0.544561
vt 0.537023 0.541445
vt 0.567758 0.532216
vt 0.596083 0.517230
vt 0.620911 0.497062
vt 0.641286 0.472487
vt 0.656426 0.444449
vt 0.665749 0.414027
vt 0.668897 0.382389
vt 0.247087 0.134204
vt 0.247087 0.869993
vt 0.247087 0.869993
vt 0.247087 0.134204
vt 0.718750 0.524529
vt 0.718750 1.000000
vt 0.750000 1.000000
vt 0.750000 0.524529
vt 0.625000 0.524529
vt 0.625000 1.000000
vt 0.656250 1.000000
vt 0.656250 0.524529
vt 0.687500 1.000000
vt 0.687500 0.524529
vt 0.218750 0.524529
vt 0.218750 1.000000
vt 0.250000 1.000000
vt 0.250000 0.524529
vt 0.781250 0.524529
vt 0.781250 1.000000
vt 0.812500 1.000000
vt 0.812500 0.524529
vt 0.843750 0.524529
vt 0.843750 1.000000
vt 0.875000 1.000000
vt 0.875000 0.524529
vt 0.000000 0.524529
vt 0.000000 1.000000
vt 0.031250 1.000000
vt 0.031250 0.524529
vt 0.468750 0.524529
vt 0.468750 1.000000
vt 0.500000 1.000000
vt 0.500000 0.524529
vt 0.156250 0.524529
vt 0.156250 1.000000
vt 0.187500 1.000000
vt 0.187500 0.524529
vt 0.531250 1.000000
vt 0.531250 0.524529
vt 0.062500 1.000000
vt 0.062500 0.524529
vt 0.906250 1.000000
vt 0.906250 0.524529
vt 0.406250 0.524529
vt 0.406250 1.000000
vt 0.437500 1.000000
vt 0.437500 0.524529
vt 0.937500 1.000000
vt 0.937500 0.524529
vt 0.593750 0.524529
vt 0.593750 1.000000
vt 0.093750 0.524529
vt 0.093750 1.000000
vt 0.125000 1.000000
vt 0.125000 0.524529
vt 0.562500 0.524529
vt 0.562500 1.000000
vt 0.375000 0.524529
vt 0.375000 1.000000
vt 0.312500 0.524529
vt 0.312500 1.000000
vt 0.343750 1.000000
vt 0.343750 0.524529
vt 0.968750 0.524529
vt 0.968750 1.000000
vt 1.000000 1.000000
vt 1.000000 0.524529
vt 0.281250 1.000000
vt 0.281250 0.524529
vt 0.262125 0.893322
vt 0.736447 0.893322
vt 0.718750 0.538177
vt 0.718750 1.000000
vt 0.750000 1.000000
vt 0.750000 0.538177
vt 0.625000 0.538177
vt 0.625000 1.000000
vt 0.656250 1.000000
vt 0.656250 0.538177
vt 0.687500 1.000000
vt 0.687500 0.538177
vt 0.218750 0.538177
vt 0.218750 1.000000
vt 0.250000 1.000000
vt 0.250000 0.538177
vt 0.781250 0.538177
vt 0.781250 1.000000
vt 0.812500 1.000000
vt 0.812500 0.538177
vt 0.843750 0.538177
vt 0.843750 1.000000
vt 0.875000 1.000000
vt 0.875000 0.538177
vt 0.000000 0.538177
vt 0.000000 1.000000
vt 0.031250 1.000000
vt 0.031250 0.538177
vt 0.468750 0.538177
vt 0.468750 1.000000
vt 0.500000 1.000000
vt 0.500000 0.538177
vt 0.156250 0.538177
vt 0.156250 1.000000
vt 0.187500 1.000000
vt 0.187500 0.538177
vt 0.531250 1.000000
vt 0.531250 0.538177
vt 0.062500 1.000000
vt 0.062500 0.538177
vt 0.906250 1.000000
vt 0.906250 0.538177
vt 0.406250 0.538177
vt 0.406250 1.000000
vt 0.437500 1.000000
vt 0.437500 0.538177
vt 0.937500 1.000000
vt 0.937500 0.538177
vt 0.593750 0.538177
vt 0.593750 1.000000
vt 0.093750 0.538177
vt 0.093750 1.000000
vt 0.125000 1.000000
vt 0.125000 0.538177
vt 0.562500 0.538177
vt 0.562500 1.000000
vt 0.375000 0.538177
vt 0.375000 1.000000
vt 0.312500 0.538177
vt 0.312500 1.000000
vt 0.343750 1.000000
vt 0.343750 0.538177
vt 0.968750 0.538177
vt 0.968750 1.000000
vt 1.000000 1.000000
vt 1.000000 0.538177
vt 0.281250 1.000000
vt 0.281250 0.538177
vt 0.262125 0.871460
vt 0.262125 0.871460
vt 0.736447 0.871460
vt 0.736447 0.871460
vt 0.736447 0.110875
vt 0.743966 0.114000
vt 0.744372 0.131429
vt 0.749471 0.122539
vt 0.749471 0.881657
vt 0.743966 0.890196
vt 0.249101 0.122539
vt 0.254200 0.131429
vt 0.254606 0.114000
vt 0.262125 0.110875
vt 0.254606 0.890196
vt 0.249101 0.881657
vt 0.262125 0.110875
vt 0.254606 0.114000
vt 0.249101 0.122539
vt 0.254606 0.890196
vt 0.249101 0.881657
vt 0.736447 0.110875
vt 0.743966 0.114000
vt 0.749471 0.122539
vt 0.743966 0.890196
vt 0.749471 0.881657
vt 0.656978 0.247224
vt 0.653901 0.229346
vt 0.644786 0.212154
vt 0.629985 0.196311
vt 0.610066 0.182424
vt 0.585794 0.171027
vt 0.558103 0.162559
vt 0.528056 0.157344
vt 0.496808 0.155583
vt 0.465561 0.157344
vt 0.435514 0.162559
vt 0.407822 0.171027
vt 0.383551 0.182424
vt 0.363632 0.196311
vt 0.348830 0.212154
vt 0.339716 0.229346
vt 0.336638 0.247224
vt 0.251723 0.105410
vt 0.259647 0.093529
vt 0.733969 0.093529
vt 0.741894 0.105410
vt 0.296822 0.485388
vt 0.341844 0.471731
vt 0.383337 0.449553
vt 0.419706 0.419706
vt 0.449553 0.383337
vt 0.471731 0.341844
vt 0.485388 0.296822
vt 0.490000 0.250000
vt 0.485388 0.203178
vt 0.471731 0.158156
vt 0.449553 0.116663
vt 0.419706 0.080294
vt 0.383337 0.050447
vt 0.341844 0.028269
vt 0.296822 0.014612
vt 0.250000 0.010000
vt 0.203178 0.014612
vt 0.158156 0.028269
vt 0.116663 0.050447
vt 0.080294 0.080294
vt 0.050447 0.116663
vt 0.028269 0.158156
vt 0.014611 0.203179
vt 0.010000 0.250000
vt 0.014612 0.296822
vt 0.028269 0.341844
vt 0.050447 0.383337
vt 0.080295 0.419706
vt 0.116663 0.449553
vt 0.158156 0.471731
vt 0.203179 0.485389
vt 0.250000 0.490000
vt 1.000000 0.547376
vt 1.000000 1.000000
vt 0.968750 1.000000
vt 0.968750 0.547376
vt 0.937500 1.000000
vt 0.937500 0.547376
vt 0.906250 1.000000
vt 0.906250 0.547376
vt 0.875000 1.000000
vt 0.875000 0.547376
vt 0.843750 1.000000
vt 0.843750 0.547376
vt 0.812500 1.000000
vt 0.812500 0.547376
vt 0.781250 1.000000
vt 0.781250 0.547376
vt 0.750000 1.000000
vt 0.750000 0.547376
vt 0.718750 1.000000
vt 0.718750 0.547376
vt 0.687500 1.000000
vt 0.687500 0.547376
vt 0.656250 1.000000
vt 0.656250 0.547376
vt 0.625000 1.000000
vt 0.625000 0.547376
vt 0.593750 1.000000
vt 0.593750 0.547376
vt 0.562500 1.000000
vt 0.562500 0.547376
vt 0.531250 1.000000
vt 0.531250 0.547376
vt 0.500000 1.000000
vt 0.500000 0.547376
vt 0.468750 1.000000
vt 0.468750 0.547376
vt 0.437500 1.000000
vt 0.437500 0.547376
vt 0.406250 1.000000
vt 0.406250 0.547376
vt 0.375000 1.000000
vt 0.375000 0.547376
vt 0.343750 1.000000
vt 0.343750 0.547376
vt 0.312500 1.000000
vt 0.312500 0.547376
vt 0.281250 1.000000
vt 0.281250 0.555286
vt 0.297455 0.555286
vt 0.297455 0.547376
vt 0.187500 0.547376
vt 0.187500 1.000000
vt 0.156250 1.000000
vt 0.156250 0.547376
vt 0.125000 1.000000
vt 0.125000 0.547376
vt 0.093750 1.000000
vt 0.093750 0.547376
vt 0.062500 1.000000
vt 0.062500 0.547376
vt 0.296822 0.485388
vt 0.250000 0.490000
vt 0.203179 0.485389
vt 0.158156 0.471731
vt 0.116663 0.449553
vt 0.080295 0.419706
vt 0.050447 0.383337
vt 0.028269 0.341844
vt 0.014612 0.296822
vt 0.010000 0.250000
vt 0.014611 0.203179
vt 0.028269 0.158156
vt 0.050447 0.116663
vt 0.080294 0.080294
vt 0.116663 0.050447
vt 0.158156 0.028269
vt 0.203178 0.014612
vt 0.250000 0.010000
vt 0.296822 0.014612
vt 0.341844 0.028269
vt 0.383337 0.050447
vt 0.419706 0.080294
vt 0.449553 0.116663
vt 0.471731 0.158156
vt 0.485388 0.203178
vt 0.490000 0.250000
vt 0.485388 0.296822
vt 0.471731 0.341844
vt 0.449553 0.383337
vt 0.419706 0.419706
vt 0.383337 0.449553
vt 0.341844 0.471731
vt 0.031250 1.000000
vt 0.031250 0.547376
vt 0.000000 1.000000
vt 0.000000 0.547376
vt 0.271180 0.422359
vt 0.271180 0.422359
vt 0.266711 0.377447
vt 0.266711 0.377447
vt 0.271180 0.332535
vt 0.271180 0.332535
vt 0.284415 0.289348
vt 0.284415 0.289348
vt 0.284414 0.465545
vt 0.284414 0.465545
vt 0.305907 0.505346
vt 0.305907 0.505346
vt 0.334830 0.540231
vt 0.334830 0.540231
vt 0.370074 0.568861
vt 0.370074 0.568861
vt 0.410283 0.590135
vt 0.410283 0.590135
vt 0.588289 0.590135
vt 0.588289 0.590135
vt 0.567283 0.596442
vt 0.567283 0.596442
vt 0.628498 0.568861
vt 0.628498 0.568861
vt 0.663742 0.540231
vt 0.663742 0.540231
vt 0.692665 0.505346
vt 0.692665 0.505346
vt 0.714158 0.465545
vt 0.714158 0.465545
vt 0.727392 0.422359
vt 0.727392 0.422359
vt 0.731861 0.377447
vt 0.731861 0.377447
vt 0.727392 0.332535
vt 0.727392 0.332535
vt 0.714158 0.289349
vt 0.714158 0.289349
vt 0.692665 0.249548
vt 0.692665 0.249548
vt 0.663742 0.214662
vt 0.663742 0.214662
vt 0.628498 0.186033
vt 0.628498 0.186033
vt 0.588289 0.164759
vt 0.588289 0.164759
vt 0.544659 0.151658
vt 0.544659 0.151658
vt 0.750000 0.537598
vt 0.718750 0.537598
vt 0.781250 0.537598
vt 0.410283 0.164759
vt 0.410283 0.164759
vt 0.453913 0.151658
vt 0.453913 0.151658
vt 0.370074 0.186033
vt 0.370074 0.186033
vt 0.334831 0.214662
vt 0.334831 0.214662
vt 0.305907 0.249548
vt 0.305907 0.249548
vt 0.253039 0.374415
vt 0.257782 0.326744
vt 0.271830 0.280905
vt 0.294643 0.238659
vt 0.325344 0.201631
vt 0.362753 0.171242
vt 0.405433 0.148662
vt 0.451743 0.134757
vt 0.499905 0.130061
vt 0.499905 0.187739
vt 0.463268 0.191310
vt 0.428038 0.201888
vt 0.395571 0.219066
vt 0.367113 0.242183
vt 0.343758 0.270351
vt 0.326404 0.302488
vt 0.315717 0.337359
vt 0.312109 0.373623
vt 0.315717 0.409887
vt 0.326404 0.444757
vt 0.343758 0.476894
vt 0.367113 0.505063
vt 0.395571 0.528180
vt 0.428038 0.545357
vt 0.463267 0.555935
vt 0.499905 0.559507
vt 0.499905 0.611306
vt 0.465667 0.614644
vt 0.463691 0.615238
vt 0.451743 0.614073
vt 0.405433 0.600168
vt 0.362753 0.577587
vt 0.325344 0.547198
vt 0.294643 0.510170
vt 0.271830 0.467924
vt 0.257782 0.422085
vt 0.249377 0.371623
vt 0.254204 0.323154
vt 0.277537 0.327744
vt 0.273167 0.371624
vt 0.268500 0.276547
vt 0.290479 0.285551
vt 0.291716 0.233595
vt 0.311496 0.246665
vt 0.322958 0.195946
vt 0.339780 0.212582
vt 0.361028 0.165049
vt 0.374244 0.184611
vt 0.404460 0.142090
vt 0.413564 0.163826
vt 0.451588 0.127952
vt 0.456229 0.151027
vt 0.500598 0.123178
vt 0.500598 0.146705
vt 0.549609 0.127952
vt 0.544968 0.151027
vt 0.596737 0.142090
vt 0.587633 0.163826
vt 0.640169 0.165049
vt 0.626953 0.184611
vt 0.678239 0.195946
vt 0.661417 0.212582
vt 0.709481 0.233595
vt 0.689701 0.246665
vt 0.732697 0.276548
vt 0.710718 0.285551
vt 0.746993 0.323154
vt 0.723660 0.327744
vt 0.751820 0.371624
vt 0.728030 0.371624
vt 0.746992 0.420093
vt 0.723660 0.415503
vt 0.732697 0.466700
vt 0.710718 0.457696
vt 0.709481 0.509652
vt 0.689701 0.496582
vt 0.678239 0.547301
vt 0.661417 0.530665
vt 0.640169 0.578198
vt 0.626952 0.558637
vt 0.596736 0.601157
vt 0.587633 0.579421
vt 0.574047 0.607964
vt 0.562471 0.601845
vt 0.545904 0.596875
vt 0.544968 0.592220
vt 0.404460 0.601157
vt 0.361027 0.578198
vt 0.374244 0.558636
vt 0.413564 0.579421
vt 0.322958 0.547301
vt 0.339780 0.530665
vt 0.291715 0.509652
vt 0.311496 0.496581
vt 0.268500 0.466699
vt 0.290479 0.457696
vt 0.254204 0.420092
vt 0.277537 0.415503
vt 0.470085 0.582341
vt 0.470085 0.582341
vt 0.442006 0.590773
vt 0.442006 0.590773
vt 0.457343 0.586167
vt 0.468399 0.582847
vt 0.499286 0.579494
vt 0.499286 0.579494
vt 0.812500 0.678706
vt 0.812500 1.000000
vt 0.825441 1.000000
vt 0.825441 0.879401
vt 0.825441 0.767575
vt 0.455292 0.596875
vt 0.438726 0.601845
vt 0.427150 0.607964
vt 0.456229 0.592220
vt 0.462546 0.359027
vt 0.471731 0.341844
vt 0.485388 0.296822
vt 0.490000 0.250000
vt 0.485388 0.203178
vt 0.471731 0.158156
vt 0.462546 0.140973
vt 0.451543 0.177248
vt 0.444377 0.250000
vt 0.451543 0.322752
vt 0.528487 0.582341
vt 0.528487 0.582341
vt 0.674559 1.000000
vt 0.687500 1.000000
vt 0.687500 0.678706
vt 0.674559 0.767575
vt 0.674559 0.879401
vt 0.431289 0.596442
vt 0.431289 0.596442
vt 0.556566 0.590773
vt 0.556566 0.590773
vt 0.530173 0.582847
vt 0.541229 0.586167
vt 0.202546 0.547376
vt 0.202546 0.555287
vt 0.218750 0.555286
vt 0.218750 1.000000
vt 0.250000 0.555286
vt 0.250000 1.000000
vt 0.533961 0.593292
vt 0.467236 0.593292
vt 0.718750 0.503080
vt 0.718750 1.000000
vt 0.750000 1.000000
vt 0.750000 0.503080
vt 0.625000 0.503080
vt 0.625000 1.000000
vt 0.656250 1.000000
vt 0.656250 0.503080
vt 0.687500 1.000000
vt 0.687500 0.503080
vt 0.218750 0.503080
vt 0.218750 1.000000
vt 0.250000 1.000000
vt 0.250000 0.503080
vt 0.781250 0.503080
vt 0.781250 1.000000
vt 0.812500 1.000000
vt 0.812500 0.503080
vt 0.843750 0.503080
vt 0.843750 1.000000
vt 0.875000 1.000000
vt 0.875000 0.503080
vt 0.000000 0.503080
vt 0.000000 1.000000
vt 0.031250 1.000000
vt 0.031250 0.503080
vt 0.468750 0.503080
vt 0.468750 1.000000
vt 0.500000 1.000000
vt 0.500000 0.503080
vt 0.156250 0.503080
vt 0.156250 1.000000
vt 0.187500 1.000000
vt 0.187500 0.503080
vt 0.531250 1.000000
vt 0.531250 0.503080
vt 0.062500 1.000000
vt 0.062500 0.503080
vt 0.906250 1.000000
vt 0.906250 0.503080
vt 0.406250 0.503080
vt 0.406250 1.000000
vt 0.437500 1.000000
vt 0.437500 0.503080
vt 0.937500 1.000000
vt 0.937500 0.503080
vt 0.593750 0.503080
vt 0.593750 1.000000
vt 0.093750 0.503080
vt 0.093750 1.000000
vt 0.125000 1.000000
vt 0.125000 0.503080
vt 0.536542 0.555935
vt 0.571771 0.545357
vt 0.604238 0.528180
vt 0.632696 0.505063
vt 0.656051 0.476895
vt 0.673405 0.444758
vt 0.684092 0.409887
vt 0.687700 0.373623
vt 0.684092 0.337359
vt 0.673405 0.302488
vt 0.656051 0.270351
vt 0.632696 0.242183
vt 0.604239 0.219066
vt 0.571771 0.201888
vt 0.536542 0.191310
vt 0.548066 0.134757
vt 0.594376 0.148662
vt 0.637056 0.171242
vt 0.674466 0.201631
vt 0.705166 0.238659
vt 0.727979 0.280905
vt 0.742027 0.326744
vt 0.746771 0.374415
vt 0.742027 0.422086
vt 0.727979 0.467925
vt 0.705166 0.510171
vt 0.674465 0.547199
vt 0.637056 0.577587
vt 0.594376 0.600168
vt 0.548066 0.614073
vt 0.536119 0.615238
vt 0.534142 0.614644
vt 0.562500 0.503080
vt 0.562500 1.000000
vt 0.375000 0.503080
vt 0.375000 1.000000
vt 0.312500 0.503080
vt 0.312500 1.000000
vt 0.343750 1.000000
vt 0.343750 0.503080
vt 0.968750 0.503080
vt 0.968750 1.000000
vt 1.000000 1.000000
vt 1.000000 0.503080
vt 0.281250 1.000000
vt 0.281250 0.503080
vt 1.000000 0.500000
vt 1.000000 1.000000
vt 0.968750 1.000000
vt 0.968750 0.500000
vt 0.937500 1.000000
vt 0.937500 0.500000
vt 0.906250 1.000000
vt 0.906250 0.500000
vt 0.875000 1.000000
vt 0.875000 0.500000
vt 0.843750 1.000000
vt 0.843750 0.500000
vt 0.812500 1.000000
vt 0.812500 0.500000
vt 0.781250 1.000000
vt 0.781250 0.500000
vt 0.750000 1.000000
vt 0.750000 0.500000
vt 0.718750 1.000000
vt 0.718750 0.500000
vt 0.687500 1.000000
vt 0.687500 0.500000
vt 0.656250 1.000000
vt 0.656250 0.500000
vt 0.625000 1.000000
vt 0.625000 0.500000
vt 0.593750 1.000000
vt 0.593750 0.500000
vt 0.562500 1.000000
vt 0.562500 0.500000
vt 0.531250 1.000000
vt 0.531250 0.500000
vt 0.500000 1.000000
vt 0.500000 0.500000
vt 0.468750 1.000000
vt 0.468750 0.500000
vt 0.437500 1.000000
vt 0.437500 0.500000
vt 0.406250 1.000000
vt 0.406250 0.500000
vt 0.375000 1.000000
vt 0.375000 0.500000
vt 0.343750 1.000000
vt 0.343750 0.500000
vt 0.312500 1.000000
vt 0.312500 0.500000
vt 0.281250 1.000000
vt 0.281250 0.500000
vt 0.250000 1.000000
vt 0.250000 0.500000
vt 0.218750 1.000000
vt 0.218750 0.500000
vt 0.187500 1.000000
vt 0.187500 0.500000
vt 0.156250 1.000000
vt 0.156250 0.500000
vt 0.125000 1.000000
vt 0.125000 0.500000
vt 0.093750 1.000000
vt 0.093750 0.500000
vt 0.062500 1.000000
vt 0.062500 0.500000
vt 0.296822 0.485388
vt 0.250000 0.490000
vt 0.203179 0.485389
vt 0.158156 0.471731
vt 0.116663 0.449553
vt 0.080295 0.419706
vt 0.050447 0.383337
vt 0.028269 0.341844
vt 0.014612 0.296822
vt 0.010000 0.250000
vt 0.014611 0.203179
vt 0.028269 0.158156
vt 0.050447 0.116663
vt 0.080294 0.080294
vt 0.116663 0.050447
vt 0.158156 0.028269
vt 0.203178 0.014612
vt 0.250000 0.010000
vt 0.296822 0.014612
vt 0.341844 0.028269
vt 0.383337 0.050447
vt 0.419706 0.080294
vt 0.449553 0.116663
vt 0.471731 0.158156
vt 0.485388 0.203178
vt 0.490000 0.250000
vt 0.485388 0.296822
vt 0.471731 0.341844
vt 0.449553 0.383337
vt 0.419706 0.419706
vt 0.383337 0.449553
vt 0.341844 0.471731
vt 0.031250 1.000000
vt 0.031250 0.500000
vt 0.000000 1.000000
vt 0.000000 0.500000
vt 0.463401 0.727343
vt 0.464119 0.734553
vt 0.458042 0.735749
vt 0.457205 0.727343
vt 0.454356 0.716213
vt 0.453478 0.725037
vt 0.370668 0.725037
vt 0.373137 0.700225
vt 0.456957 0.707728
vt 0.380450 0.676367
vt 0.461180 0.699908
vt 0.392326 0.654379
vt 0.466864 0.693054
vt 0.408309 0.635107
vt 0.473790 0.687430
vt 0.427783 0.619291
vt 0.481692 0.683250
vt 0.450002 0.607538
vt 0.490266 0.680676
vt 0.474110 0.600301
vt 0.499182 0.679807
vt 0.499182 0.597857
vt 0.508098 0.680676
vt 0.524254 0.600301
vt 0.516672 0.683250
vt 0.548362 0.607538
vt 0.524574 0.687430
vt 0.570581 0.619291
vt 0.531500 0.693054
vt 0.590055 0.635107
vt 0.537183 0.699908
vt 0.606038 0.654379
vt 0.541407 0.707728
vt 0.617914 0.676367
vt 0.544008 0.716213
vt 0.625227 0.700225
vt 0.544886 0.725037
vt 0.627696 0.725037
vt 0.544008 0.733861
vt 0.625227 0.749848
vt 0.541407 0.742345
vt 0.617913 0.773706
vt 0.537183 0.750165
vt 0.606038 0.795694
vt 0.531500 0.757019
vt 0.590055 0.814966
vt 0.524574 0.762644
vt 0.570581 0.830783
vt 0.516672 0.766823
vt 0.548362 0.842535
vt 0.508098 0.769397
vt 0.524254 0.849773
vt 0.499182 0.770266
vt 0.499182 0.852216
vt 0.490265 0.769397
vt 0.474110 0.849773
vt 0.481692 0.766823
vt 0.450002 0.842535
vt 0.473790 0.762644
vt 0.427783 0.830783
vt 0.466864 0.757019
vt 0.408309 0.814966
vt 0.461180 0.750165
vt 0.392326 0.795694
vt 0.456957 0.742345
vt 0.380450 0.773706
vt 0.454356 0.733861
vt 0.373137 0.749848
vt 0.498544 0.727343
vt 0.498587 0.726919
vt 0.498711 0.726512
vt 0.498914 0.726137
vt 0.499187 0.725808
vt 0.499519 0.725538
vt 0.499898 0.725337
vt 0.500310 0.725214
vt 0.500738 0.725172
vt 0.501166 0.725214
vt 0.501577 0.725337
vt 0.501956 0.725538
vt 0.502289 0.725808
vt 0.502561 0.726137
vt 0.502764 0.726512
vt 0.502889 0.726919
vt 0.502931 0.727343
vt 0.502889 0.727766
vt 0.502764 0.728174
vt 0.502561 0.728549
vt 0.502289 0.728878
vt 0.501956 0.729148
vt 0.501577 0.729349
vt 0.501166 0.729472
vt 0.500738 0.729514
vt 0.500310 0.729472
vt 0.499898 0.729349
vt 0.499519 0.729148
vt 0.499187 0.728878
vt 0.498914 0.728549
vt 0.498711 0.728174
vt 0.498587 0.727766
vt 0.469694 0.706811
vt 0.466243 0.713200
vt 0.460519 0.710853
vt 0.464542 0.703403
vt 0.474337 0.701210
vt 0.469956 0.696873
vt 0.479995 0.696614
vt 0.476552 0.691515
vt 0.486450 0.693199
vt 0.484079 0.687533
vt 0.493454 0.691096
vt 0.492245 0.685081
vt 0.500738 0.690386
vt 0.500738 0.684253
vt 0.508022 0.691096
vt 0.509230 0.685081
vt 0.515026 0.693199
vt 0.517397 0.687533
vt 0.521481 0.696614
vt 0.524923 0.691515
vt 0.527139 0.701210
vt 0.531520 0.696873
vt 0.531782 0.706811
vt 0.536934 0.703403
vt 0.535232 0.713200
vt 0.540956 0.710853
vt 0.537357 0.720133
vt 0.543434 0.718936
vt 0.538074 0.727343
vt 0.544270 0.727343
vt 0.537357 0.734553
vt 0.543434 0.735749
vt 0.535232 0.741486
vt 0.540956 0.743833
vt 0.531782 0.747875
vt 0.536934 0.751283
vt 0.527139 0.753475
vt 0.531520 0.757812
vt 0.521481 0.758072
vt 0.524923 0.763171
vt 0.515026 0.761487
vt 0.517397 0.767153
vt 0.508022 0.763590
vt 0.509230 0.769605
vt 0.500738 0.764300
vt 0.500738 0.770433
vt 0.493454 0.763590
vt 0.492245 0.769605
vt 0.486450 0.761487
vt 0.484078 0.767153
vt 0.479995 0.758071
vt 0.476552 0.763171
vt 0.474337 0.753475
vt 0.469956 0.757812
vt 0.469694 0.747875
vt 0.464542 0.751283
vt 0.466243 0.741486
vt 0.460519 0.743833
vt 0.464119 0.720133
vt 0.458042 0.718936
vt 1.000000 0.500000
vt 1.000000 1.000000
vt 0.968750 1.000000
vt 0.968750 0.500000
vt 0.937500 1.000000
vt 0.937500 0.500000
vt 0.906250 1.000000
vt 0.906250 0.500000
vt 0.875000 1.000000
vt 0.875000 0.500000
vt 0.843750 1.000000
vt 0.843750 0.500000
vt 0.812500 1.000000
vt 0.812500 0.500000
vt 0.781250 1.000000
vt 0.781250 0.500000
vt 0.750000 1.000000
vt 0.750000 0.500000
vt 0.718750 1.000000
vt 0.718750 0.500000
vt 0.687500 1.000000
vt 0.687500 0.500000
vt 0.656250 1.000000
vt 0.656250 0.500000
vt 0.625000 1.000000
vt 0.625000 0.500000
vt 0.593750 1.000000
vt 0.593750 0.500000
vt 0.562500 1.000000
vt 0.562500 0.500000
vt 0.531250 1.000000
vt 0.531250 0.500000
vt 0.500000 1.000000
vt 0.500000 0.500000
vt 0.468750 1.000000
vt 0.468750 0.500000
vt 0.437500 1.000000
vt 0.437500 0.500000
vt 0.406250 1.000000
vt 0.406250 0.500000
vt 0.375000 1.000000
vt 0.375000 0.500000
vt 0.343750 1.000000
vt 0.343750 0.500000
vt 0.312500 1.000000
vt 0.312500 0.500000
vt 0.281250 1.000000
vt 0.281250 0.500000
vt 0.250000 1.000000
vt 0.250000 0.500000
vt 0.218750 1.000000
vt 0.218750 0.500000
vt 0.187500 1.000000
vt 0.187500 0.500000
vt 0.156250 1.000000
vt 0.156250 0.500000
vt 0.125000 1.000000
vt 0.125000 0.500000
vt 0.093750 1.000000
vt 0.093750 0.500000
vt 0.062500 1.000000
vt 0.062500 0.500000
vt 0.296822 0.485388
vt 0.250000 0.490000
vt 0.203179 0.485389
vt 0.158156 0.471731
vt 0.116663 0.449553
vt 0.080295 0.419706
vt 0.050447 0.383337
vt 0.028269 0.341844
vt 0.014612 0.296822
vt 0.010000 0.250000
vt 0.014611 0.203179
vt 0.028269 0.158156
vt 0.050447 0.116663
vt 0.080294 0.080294
vt 0.116663 0.050447
vt 0.158156 0.028269
vt 0.203178 0.014612
vt 0.250000 0.010000
vt 0.296822 0.014612
vt 0.341844 0.028269
vt 0.383337 0.050447
vt 0.419706 0.080294
vt 0.449553 0.116663
vt 0.471731 0.158156
vt 0.485388 0.203178
vt 0.490000 0.250000
vt 0.485388 0.296822
vt 0.471731 0.341844
vt 0.449553 0.383337
vt 0.419706 0.419706
vt 0.383337 0.449553
vt 0.341844 0.471731
vt 0.031250 1.000000
vt 0.031250 0.500000
vt 0.000000 1.000000
vt 0.000000 0.500000
vt 0.449974 0.377845
vt 0.450926 0.387408
vt 0.444549 0.388664
vt 0.443473 0.377844
vt 0.333088 0.340601
vt 0.329829 0.373356
vt 0.316827 0.373356
vt 0.320336 0.338090
vt 0.342741 0.309105
vt 0.330728 0.304179
vt 0.358416 0.280077
vt 0.347604 0.272927
vt 0.379510 0.254634
vt 0.370316 0.245534
vt 0.405214 0.233754
vt 0.397990 0.223053
vt 0.434539 0.218239
vt 0.429563 0.206348
vt 0.466359 0.208685
vt 0.463822 0.196061
vt 0.499451 0.205458
vt 0.499451 0.192588
vt 0.532542 0.208684
vt 0.535079 0.196061
vt 0.564362 0.218239
vt 0.569338 0.206348
vt 0.593687 0.233754
vt 0.600911 0.223053
vt 0.619391 0.254634
vt 0.628585 0.245534
vt 0.640486 0.280077
vt 0.651297 0.272927
vt 0.656160 0.309105
vt 0.668173 0.304179
vt 0.665813 0.340601
vt 0.678566 0.338090
vt 0.669072 0.373356
vt 0.682074 0.373356
vt 0.665813 0.406112
vt 0.678566 0.408622
vt 0.656160 0.437608
vt 0.668173 0.442533
vt 0.640485 0.466636
vt 0.651297 0.473786
vt 0.619391 0.492078
vt 0.628585 0.501179
vt 0.593687 0.512958
vt 0.600911 0.523660
vt 0.564362 0.528474
vt 0.569338 0.540365
vt 0.532542 0.538028
vt 0.535078 0.550651
vt 0.499450 0.541254
vt 0.499450 0.554125
vt 0.466359 0.538028
vt 0.463822 0.550651
vt 0.434539 0.528474
vt 0.429563 0.540364
vt 0.405214 0.512958
vt 0.397990 0.523660
vt 0.379510 0.492078
vt 0.370316 0.501179
vt 0.358415 0.466635
vt 0.347604 0.473786
vt 0.342741 0.437608
vt 0.330728 0.442533
vt 0.333088 0.406111
vt 0.320336 0.408622
vt 0.445395 0.366161
vt 0.444340 0.376772
vt 0.361924 0.376772
vt 0.364563 0.350246
vt 0.448522 0.355958
vt 0.372380 0.324739
vt 0.453600 0.346555
vt 0.385073 0.301232
vt 0.460433 0.338313
vt 0.402156 0.280628
vt 0.468759 0.331549
vt 0.422972 0.263719
vt 0.478259 0.326523
vt 0.446720 0.251155
vt 0.488567 0.323428
vt 0.472488 0.243417
vt 0.499286 0.322383
vt 0.499286 0.240805
vt 0.510006 0.323428
vt 0.526084 0.243417
vt 0.520313 0.326523
vt 0.551852 0.251154
vt 0.529813 0.331549
vt 0.575601 0.263719
vt 0.538139 0.338313
vt 0.596416 0.280628
vt 0.544973 0.346555
vt 0.613499 0.301232
vt 0.550050 0.355958
vt 0.626192 0.324739
vt 0.553177 0.366161
vt 0.634009 0.350246
vt 0.554233 0.376771
vt 0.636648 0.376771
vt 0.553177 0.387382
vt 0.634009 0.403297
vt 0.550050 0.397585
vt 0.626192 0.428804
vt 0.544972 0.406988
vt 0.613499 0.452311
vt 0.538139 0.415230
vt 0.596416 0.472914
vt 0.529813 0.421994
vt 0.575601 0.489824
vt 0.520313 0.427020
vt 0.551852 0.502388
vt 0.510006 0.430115
vt 0.526084 0.510126
vt 0.499286 0.431160
vt 0.499286 0.512738
vt 0.488567 0.430115
vt 0.472488 0.510126
vt 0.478259 0.427020
vt 0.446720 0.502388
vt 0.468759 0.421994
vt 0.422971 0.489823
vt 0.460433 0.415230
vt 0.402156 0.472914
vt 0.453600 0.406988
vt 0.385073 0.452310
vt 0.448522 0.397585
vt 0.372380 0.428803
vt 0.445395 0.387382
vt 0.364563 0.403297
vt 0.497875 0.377846
vt 0.497907 0.377531
vt 0.497999 0.377229
vt 0.498150 0.376950
vt 0.498354 0.376705
vt 0.498600 0.376505
vt 0.498878 0.376357
vt 0.499185 0.376265
vt 0.499504 0.376234
vt 0.499820 0.376265
vt 0.500126 0.376357
vt 0.500408 0.376506
vt 0.500654 0.376706
vt 0.500856 0.376950
vt 0.501007 0.377228
vt 0.501099 0.377530
vt 0.501130 0.377844
vt 0.501099 0.378158
vt 0.501006 0.378462
vt 0.500855 0.378741
vt 0.500654 0.378984
vt 0.500409 0.379183
vt 0.500127 0.379333
vt 0.499819 0.379425
vt 0.499503 0.379456
vt 0.499186 0.379425
vt 0.498880 0.379333
vt 0.498599 0.379184
vt 0.498352 0.378984
vt 0.498151 0.378741
vt 0.498000 0.378462
vt 0.497906 0.378155
vt 0.458321 0.350608
vt 0.453744 0.359083
vt 0.447738 0.356620
vt 0.452915 0.347032
vt 0.464481 0.343178
vt 0.459884 0.338627
vt 0.471987 0.337081
vt 0.468374 0.331730
vt 0.480549 0.332551
vt 0.478061 0.326605
vt 0.489840 0.329761
vt 0.499503 0.328819
vt 0.499503 0.322383
vt 0.509166 0.329761
vt 0.510434 0.323449
vt 0.518457 0.332551
vt 0.520945 0.326605
vt 0.527020 0.337081
vt 0.530632 0.331730
vt 0.534525 0.343178
vt 0.539123 0.338627
vt 0.540685 0.350607
vt 0.546091 0.347032
vt 0.545262 0.359083
vt 0.551268 0.356620
vt 0.548080 0.368280
vt 0.554457 0.367024
vt 0.549032 0.377844
vt 0.555534 0.377844
vt 0.548080 0.387409
vt 0.554457 0.388664
vt 0.545262 0.396606
vt 0.551268 0.399068
vt 0.540685 0.405082
vt 0.546091 0.408657
vt 0.534525 0.412511
vt 0.539123 0.417061
vt 0.527020 0.418608
vt 0.530632 0.423959
vt 0.518457 0.423138
vt 0.520945 0.429084
vt 0.509165 0.425928
vt 0.510434 0.432240
vt 0.499503 0.426870
vt 0.499503 0.433306
vt 0.489840 0.425928
vt 0.488572 0.432240
vt 0.480549 0.423138
vt 0.478061 0.429084
vt 0.471986 0.418608
vt 0.468374 0.423959
vt 0.464481 0.412511
vt 0.459883 0.417061
vt 0.458321 0.405082
vt 0.452915 0.408657
vt 0.453744 0.396606
vt 0.447738 0.399068
vt 0.450926 0.368280
vt 0.444549 0.367024
vt 0.342832 0.373356
vt 0.345841 0.403600
vt 0.354754 0.432683
vt 0.369227 0.459485
vt 0.388704 0.482977
vt 0.412438 0.502257
vt 0.439515 0.516583
vt 0.468896 0.525405
vt 0.499450 0.528383
vt 0.530005 0.525405
vt 0.559386 0.516583
vt 0.586463 0.502257
vt 0.610197 0.482977
vt 0.629674 0.459485
vt 0.644147 0.432683
vt 0.653060 0.403601
vt 0.656069 0.373356
vt 0.653060 0.343112
vt 0.644147 0.314030
vt 0.629674 0.287228
vt 0.610197 0.263735
vt 0.586463 0.244456
vt 0.559386 0.230129
vt 0.530005 0.221308
vt 0.499451 0.218329
vt 0.468896 0.221308
vt 0.439515 0.230130
vt 0.412438 0.244456
vt 0.388704 0.263735
vt 0.369227 0.287228
vt 0.354754 0.314030
vt 0.345841 0.343112
vt 0.524515 0.096815
vt 0.524515 0.158679
vt 0.475160 0.158679
vt 0.475160 0.096815
vt 0.266345 0.126628
vt 0.313752 0.126628
vt 0.313752 0.174035
vt 0.266345 0.174035
vt 0.375000 0.500000
vt 0.625000 0.500000
vt 0.625000 0.750000
vt 0.375000 0.750000
vt 0.270445 0.590543
vt 0.341636 0.590543
vt 0.341636 0.661734
vt 0.270445 0.661734
vt 0.304574 0.115187
vt 0.304574 0.115187
vt 0.357782 0.115187
vt 0.357782 0.115187
vt 0.875000 0.500000
vt 0.875000 0.750000
vn -0.9256 0.0000 -0.3784
vn 0.0000 -1.0000 -0.0000
vn 0.9256 -0.0000 0.3784
vn -0.0000 1.0000 0.0000
vn -0.3766 0.0980 0.9212
vn -0.2925 0.6344 0.7155
vn -0.3337 0.4714 0.8164
vn 0.3766 -0.0980 -0.9212
vn -0.3621 -0.2903 0.8858
vn -0.3766 -0.0980 0.9212
vn -0.2925 -0.6344 0.7155
vn 0.0371 -0.9952 -0.0907
vn 0.0371 0.9952 -0.0907
vn 0.3337 -0.4714 -0.8163
vn -0.0371 0.9952 0.0907
vn 0.1098 -0.9569 -0.2687
vn -0.2400 -0.7730 0.5872
vn 0.1784 0.8819 -0.4363
vn -0.1784 -0.8819 0.4363
vn -0.2400 0.7730 0.5872
vn 0.2400 -0.7730 -0.5872
vn 0.3621 -0.2903 -0.8858
vn -0.1784 0.8819 0.4363
vn 0.2400 0.7730 -0.5872
vn 0.3337 0.4714 -0.8163
vn -0.0371 -0.9952 0.0907
vn -0.3337 -0.4714 0.8164
vn 0.3766 0.0980 -0.9212
vn -0.3621 0.2903 0.8858
vn 0.1098 0.9569 -0.2687
vn 0.1784 -0.8819 -0.4363
vn -0.1098 -0.9569 0.2687
vn -0.1098 0.9569 0.2687
vn 0.3621 0.2903 -0.8858
vn -0.3784 0.0000 0.9256
vn 0.2925 -0.6344 -0.7155
vn 0.2925 0.6344 -0.7155
vn -0.3337 0.4714 0.8163
vn -0.3337 -0.4714 0.8163
vn 0.3784 0.0000 -0.9256
vn -0.9257 0.0000 -0.3784
vn 0.3489 0.3872 -0.8535
vn 0.2035 0.8430 -0.4979
vn 0.0638 0.9857 -0.1560
vn -0.3489 0.3872 0.8535
vn -0.2035 0.8430 0.4979
vn -0.0638 0.9857 0.1560
vn 0.3489 -0.3872 -0.8535
vn 0.2035 -0.8430 -0.4979
vn 0.0638 -0.9857 -0.1560
vn -0.3489 -0.3872 0.8535
vn -0.2035 -0.8430 0.4979
vn -0.0638 -0.9857 0.1560
vn 0.3337 -0.4714 -0.8164
vn -0.7685 0.5223 -0.3697
vn -0.7303 0.5022 -0.4631
vn -0.6943 0.4628 -0.5511
vn -0.6620 0.4057 -0.6303
vn -0.6344 0.3329 -0.6976
vn -0.6128 0.2474 -0.7505
vn -0.5979 0.1523 -0.7869
vn -0.5903 0.0514 -0.8055
vn -0.5903 -0.0514 -0.8055
vn -0.5979 -0.1523 -0.7869
vn -0.6128 -0.2474 -0.7505
vn -0.6344 -0.3329 -0.6976
vn -0.6620 -0.4057 -0.6303
vn -0.6943 -0.4628 -0.5511
vn -0.7303 -0.5022 -0.4631
vn -0.7685 -0.5223 -0.3697
vn -0.8074 -0.5223 -0.2745
vn -0.8456 -0.5022 -0.1811
vn -0.8815 -0.4628 -0.0931
vn -0.9139 -0.4057 -0.0139
vn -0.9414 -0.3329 0.0534
vn -0.9631 -0.2474 0.1063
vn -0.9780 -0.1523 0.1428
vn -0.9631 0.2474 0.1063
vn -0.9414 0.3329 0.0534
vn -0.9139 0.4057 -0.0139
vn -0.8815 0.4628 -0.0931
vn -0.8456 0.5022 -0.1811
vn -0.8074 0.5223 -0.2745
vn -0.9780 0.1523 0.1428
vn -0.9856 -0.0514 0.1613
vn -0.9856 0.0514 0.1613
vn 0.3337 0.4714 -0.8164
vn -0.8270 0.4836 -0.2866
vn -0.9068 -0.2423 -0.3449
vn -0.9245 -0.2330 -0.3016
vn -0.9412 -0.2147 -0.2607
vn -0.9562 -0.1882 -0.2240
vn -0.9690 -0.1545 -0.1928
vn -0.9790 -0.1148 -0.1682
vn -0.9860 -0.0707 -0.1513
vn -0.9895 -0.0239 -0.1427
vn -0.9895 0.0239 -0.1427
vn -0.9860 0.0707 -0.1513
vn -0.9790 0.1148 -0.1682
vn -0.9690 0.1545 -0.1928
vn -0.9562 0.1882 -0.2240
vn -0.9412 0.2147 -0.2607
vn -0.9245 0.2330 -0.3016
vn -0.9068 0.2423 -0.3449
vn -0.8888 0.2423 -0.3891
vn -0.8710 0.2330 -0.4324
vn -0.8544 0.2147 -0.4732
vn -0.8393 0.1882 -0.5100
vn -0.8266 0.1545 -0.5412
vn -0.8165 0.1148 -0.5658
vn -0.8096 0.0707 -0.5827
vn -0.8061 0.0239 -0.5913
vn -0.8061 -0.0239 -0.5913
vn -0.8096 -0.0707 -0.5827
vn -0.8165 -0.1148 -0.5658
vn -0.8266 -0.1545 -0.5412
vn -0.8393 -0.1882 -0.5100
vn -0.8544 -0.2147 -0.4732
vn -0.8710 -0.2330 -0.4324
vn -0.8888 -0.2423 -0.3891
vn -0.7223 0.4286 -0.5427
vn -0.6924 0.3756 -0.6161
vn -0.6669 0.3083 -0.6784
vn -0.6468 0.2291 -0.7274
vn -0.6330 0.1411 -0.7612
vn -0.6260 0.0476 -0.7784
vn -0.6260 -0.0476 -0.7784
vn -0.6330 -0.1411 -0.7612
vn -0.6468 -0.2291 -0.7274
vn -0.6669 -0.3083 -0.6784
vn -0.6924 -0.3756 -0.6161
vn -0.7223 -0.4286 -0.5427
vn -0.7556 -0.4650 -0.4613
vn -0.7910 -0.4836 -0.3748
vn -0.8270 -0.4836 -0.2866
vn -0.8624 -0.4650 -0.2001
vn -0.8957 -0.4286 -0.1187
vn -0.9257 -0.3756 -0.0453
vn -0.9511 -0.3083 0.0170
vn -0.9712 -0.2291 0.0660
vn -0.9850 -0.1411 0.0998
vn -0.9920 -0.0476 0.1170
vn -0.9920 0.0476 0.1170
vn -0.9850 0.1411 0.0998
vn -0.9712 0.2291 0.0660
vn -0.9511 0.3083 0.0170
vn -0.9257 0.3756 -0.0453
vn -0.8957 0.4286 -0.1187
vn -0.8624 0.4650 -0.2001
vn -0.7556 0.4650 -0.4613
vn -0.8867 0.2498 -0.3890
vn -0.8684 0.2402 -0.4337
vn -0.8512 0.2214 -0.4758
vn -0.8358 0.1940 -0.5137
vn -0.8226 0.1592 -0.5459
vn -0.8122 0.1183 -0.5712
vn -0.8051 0.0729 -0.5886
vn -0.8015 0.0246 -0.5975
vn -0.8015 -0.0246 -0.5975
vn -0.8051 -0.0729 -0.5886
vn -0.8122 -0.1183 -0.5712
vn -0.8226 -0.1592 -0.5459
vn -0.8358 -0.1940 -0.5137
vn -0.8512 -0.2214 -0.4758
vn -0.8684 -0.2402 -0.4337
vn -0.8867 -0.2498 -0.3890
vn -0.9053 -0.2498 -0.3435
vn -0.9236 -0.2402 -0.2988
vn -0.9408 -0.2214 -0.2567
vn -0.9563 -0.1940 -0.2189
vn -0.9694 -0.1592 -0.1867
vn -0.9798 -0.1183 -0.1614
vn -0.9869 -0.0729 -0.1439
vn -0.9905 -0.0246 -0.1350
vn -0.9905 0.0246 -0.1350
vn -0.9869 0.0729 -0.1439
vn -0.9798 0.1183 -0.1614
vn -0.9694 0.1592 -0.1867
vn -0.9563 0.1940 -0.2189
vn -0.9408 0.2214 -0.2567
vn -0.9236 0.2402 -0.2988
vn -0.9053 0.2498 -0.3435
vn -0.7910 0.4836 -0.3748
vn -0.5099 0.8521 -0.1178
vn -0.8561 0.3432 -0.3865
vn -0.8310 0.3300 -0.4478
vn -0.8074 0.3041 -0.5056
vn -0.7861 0.2666 -0.5577
vn -0.7680 0.2188 -0.6019
vn -0.7538 0.1626 -0.6367
vn -0.7440 0.1001 -0.6606
vn -0.7390 0.0338 -0.6728
vn -0.7390 -0.0338 -0.6728
vn -0.7440 -0.1001 -0.6606
vn -0.7538 -0.1626 -0.6367
vn -0.7680 -0.2188 -0.6019
vn -0.7861 -0.2666 -0.5577
vn -0.8074 -0.3041 -0.5056
vn -0.8310 -0.3300 -0.4478
vn -0.8561 -0.3432 -0.3865
vn -0.8817 -0.3432 -0.3239
vn -0.9067 -0.3300 -0.2625
vn -0.9304 -0.3041 -0.2047
vn -0.9516 -0.2666 -0.1527
vn -0.9697 -0.2188 -0.1084
vn -0.9839 -0.1626 -0.0737
vn -0.9937 -0.1001 -0.0497
vn -0.9987 -0.0338 -0.0375
vn -0.9987 0.0338 -0.0375
vn -0.9937 0.1001 -0.0497
vn -0.9839 0.1626 -0.0737
vn -0.9697 0.2188 -0.1084
vn -0.9516 0.2666 -0.1527
vn -0.9304 0.3041 -0.2047
vn -0.9067 0.3300 -0.2625
vn -0.8817 0.3432 -0.3239
vn -0.7765 -0.5756 -0.2562
vn -0.8186 -0.5535 -0.1532
vn -0.8583 -0.5101 -0.0563
vn -0.8939 -0.4471 0.0310
vn -0.9243 -0.3669 0.1052
vn -0.9481 -0.2727 0.1635
vn -0.9645 -0.1679 0.2037
vn -0.9729 -0.0567 0.2242
vn -0.9729 0.0567 0.2242
vn -0.9645 0.1679 0.2037
vn -0.9481 0.2727 0.1635
vn -0.9243 0.3669 0.1052
vn -0.8939 0.4471 0.0310
vn -0.8583 0.5101 -0.0563
vn -0.8186 0.5535 -0.1532
vn -0.7765 0.5756 -0.2562
vn -0.7336 0.5756 -0.3611
vn -0.6916 0.5535 -0.4641
vn -0.6519 0.5101 -0.5611
vn -0.6163 0.4471 -0.6483
vn -0.5859 0.3669 -0.7225
vn -0.5621 0.2727 -0.7808
vn -0.5457 0.1679 -0.8210
vn -0.5373 0.0567 -0.8415
vn -0.5373 -0.0567 -0.8415
vn -0.5457 -0.1679 -0.8210
vn -0.5621 -0.2727 -0.7808
vn -0.5859 -0.3669 -0.7225
vn -0.6163 -0.4471 -0.6483
vn -0.6519 -0.5101 -0.5611
vn -0.6916 -0.5535 -0.4641
vn -0.7336 -0.5756 -0.3611
vn -0.3254 0.7552 -0.5691
vn -0.2726 0.6619 -0.6983
vn -0.2277 0.5432 -0.8081
vn -0.1924 0.4036 -0.8945
vn -0.1681 0.2486 -0.9539
vn -0.1557 0.0839 -0.9842
vn -0.1557 -0.0839 -0.9842
vn -0.1681 -0.2486 -0.9539
vn -0.1924 -0.4036 -0.8945
vn -0.2277 -0.5432 -0.8081
vn -0.2726 -0.6619 -0.6983
vn -0.3254 -0.7552 -0.5691
vn -0.3841 -0.8194 -0.4255
vn -0.4464 -0.8521 -0.2731
vn -0.5099 -0.8521 -0.1178
vn -0.5722 -0.8194 0.0346
vn -0.6309 -0.7552 0.1782
vn -0.6837 -0.6619 0.3074
vn -0.7286 -0.5432 0.4173
vn -0.7639 -0.4036 0.5036
vn -0.7882 -0.2486 0.5630
vn -0.8006 -0.0839 0.5933
vn -0.8006 0.0839 0.5933
vn -0.7882 0.2486 0.5630
vn -0.7639 0.4036 0.5036
vn -0.7286 0.5432 0.4172
vn -0.6837 0.6619 0.3074
vn -0.6309 0.7552 0.1782
vn -0.5722 0.8194 0.0346
vn -0.3841 0.8194 -0.4255
vn -0.8364 0.3915 -0.3836
vn -0.8078 0.3765 -0.4536
vn -0.7808 0.3468 -0.5198
vn -0.7567 0.3045 -0.5785
vn -0.7358 0.2494 -0.6296
vn -0.7197 0.1855 -0.6690
vn -0.7086 0.1142 -0.6964
vn -0.7029 0.0386 -0.7103
vn -0.7029 -0.0386 -0.7103
vn -0.7086 -0.1142 -0.6964
vn -0.7197 -0.1855 -0.6690
vn -0.7358 -0.2494 -0.6296
vn -0.7567 -0.3045 -0.5785
vn -0.7808 -0.3468 -0.5198
vn -0.8078 -0.3765 -0.4536
vn -0.8364 -0.3915 -0.3836
vn -0.8656 -0.3915 -0.3122
vn -0.8942 -0.3765 -0.2422
vn -0.9212 -0.3470 -0.1762
vn -0.9454 -0.3041 -0.1168
vn -0.9661 -0.2496 -0.0664
vn -0.9823 -0.1855 -0.0267
vn -0.9935 -0.1142 0.0006
vn -0.9992 -0.0386 0.0145
vn -0.9992 0.0386 0.0145
vn -0.9935 0.1142 0.0006
vn -0.9823 0.1855 -0.0267
vn -0.9661 0.2496 -0.0664
vn -0.9454 0.3041 -0.1168
vn -0.9212 0.3470 -0.1762
vn -0.8942 0.3765 -0.2422
vn -0.8656 0.3915 -0.3122
vn -0.4464 0.8521 -0.2731
vn -0.9126 -0.1314 -0.3870
vn -0.9030 -0.1263 -0.4105
vn -0.8940 -0.1164 -0.4327
vn -0.8859 -0.1021 -0.4526
vn -0.8789 -0.0838 -0.4695
vn -0.8735 -0.0622 -0.4829
vn -0.8697 -0.0383 -0.4920
vn -0.8678 -0.0129 -0.4967
vn -0.8678 0.0129 -0.4967
vn -0.8697 0.0383 -0.4920
vn -0.8735 0.0622 -0.4829
vn -0.8789 0.0838 -0.4695
vn -0.8859 0.1021 -0.4526
vn -0.8940 0.1164 -0.4327
vn -0.9030 0.1263 -0.4105
vn -0.9126 0.1314 -0.3870
vn -0.9224 0.1314 -0.3631
vn -0.9320 0.1263 -0.3396
vn -0.9411 0.1164 -0.3175
vn -0.9492 0.1021 -0.2975
vn -0.9562 0.0838 -0.2806
vn -0.9616 0.0622 -0.2673
vn -0.9654 0.0383 -0.2581
vn -0.9673 0.0129 -0.2534
vn -0.9673 -0.0129 -0.2534
vn -0.9654 -0.0383 -0.2581
vn -0.9616 -0.0622 -0.2673
vn -0.9562 -0.0838 -0.2806
vn -0.9492 -0.1021 -0.2975
vn -0.9411 -0.1164 -0.3175
vn -0.9320 -0.1263 -0.3396
vn -0.9224 -0.1314 -0.3631
usemtl Material.001
s off
f 766/1399/342 767/1400/342 768/1401/342 769/1402/342 770/1403/342 771/1404/342 772/1405/342 773/1406/342 774/1407/342 775/1408/342 776/1409/342 777/1410/342 778/1411/342 779/1412/342 780/1413/342 781/1414/342 782/1415/342 783/1416/342 784/1417/342 785/1418/342 786/1419/342 787/1420/342 788/1421/342 789/1422/342 790/1423/342 791/1424/342 792/1425/342 793/1426/342 794/1427/342 795/1428/342 796/1429/342 765/1430/342
f 798/1431/342 799/1432/342 800/1433/342 801/1434/342 802/1435/342 803/1436/342 804/1437/342 805/1438/342 806/1439/342 807/1440/342 808/1441/342 809/1442/342 810/1443/342 811/1444/342 812/1445/342 813/1446/342 814/1447/342 815/1448/342 816/1449/342 817/1450/342 818/1451/342 819/1452/342 820/1453/342 821/1454/342 822/1455/342 823/1456/342 824/1457/342 825/1458/342 826/1459/342 827/1460/342 828/1461/342 797/1462/342
f 913/1463/343 918/1464/343 898/1465/343 894/1466/343
f 921/1467/344 923/1468/344 924/1469/344 922/1470/344 925/1471/344 927/1472/344 928/1473/344 926/1474/344 917/1475/344 919/1476/344 920/1477/344 918/1478/344 913/1479/344 915/1480/344 916/1481/344 914/1482/344
f 908/1483/342 910/1484/342 860/1485/342 859/1486/342 858/1487/342 854/1488/342 852/1489/342 851/1490/342 844/1491/342 848/1492/342 845/1493/342 843/1494/342 830/1495/342 829/1496/342 840/1497/342 841/1498/342 842/1499/342 836/1500/342 837/1501/342 900/1502/342 899/1503/342
f 895/1504/342 894/1505/342 898/1506/342 900/1507/342 837/1508/342 838/1509/342 834/1510/342 835/1511/342 831/1512/342 832/1513/342 839/1514/342 833/1515/342 846/1516/342 847/1517/342 849/1518/342 853/1519/342 850/1520/342 855/1521/342 856/1522/342 857/1523/342 860/1524/342 910/1525/342 909/1526/342 903/1527/342 905/1528/342 892/1529/342 890/1530/342 889/1531/342 887/1532/342 882/1533/342 883/1534/342 879/1535/342 880/1536/342 881/1537/342 877/1538/342 871/1539/342 864/1540/342 870/1541/342 868/1542/342 866/1543/342 865/1544/342 867/1545/342
f 903/1546/345 909/1547/345 925/1548/345 922/1549/345
f 833/1550/346 806/1551/346 805/1552/346 846/1553/346
f 831/1554/347 809/1555/347 808/1556/347 832/1557/347
f 832/1557/348 808/1556/348 807/1558/348 839/1559/348
f 848/1560/349 822/1561/349 821/1562/349 845/1563/349
f 847/1564/350 804/1565/350 803/1566/350 849/1567/350
f 846/1553/351 805/1552/351 804/1565/351 847/1564/351
f 853/1568/352 802/1569/352 801/1570/352 850/1571/352
f 860/1572/353 797/1573/353 828/1574/353 859/1575/353
f 836/1576/354 814/1577/354 813/1578/354 837/1579/354
f 851/1580/355 824/1581/355 823/1582/355 844/1583/355
f 837/1579/356 813/1578/356 812/1584/356 838/1585/356
f 859/1575/357 828/1574/357 827/1586/357 858/1587/357
f 850/1571/358 801/1570/358 800/1588/358 855/1589/358
f 841/1590/359 816/1591/359 815/1592/359 842/1593/359
f 855/1589/360 800/1588/360 799/1594/360 856/1595/360
f 835/1596/361 810/1597/361 809/1555/361 831/1554/361
f 854/1598/362 826/1599/362 825/1600/362 852/1601/362
f 844/1583/363 823/1582/363 822/1561/363 848/1560/363
f 834/1602/364 811/1603/364 810/1597/364 835/1596/364
f 840/1604/365 817/1605/365 816/1591/365 841/1590/365
f 830/1606/366 819/1607/366 818/1608/366 829/1609/366
f 857/1610/367 798/1611/367 797/1612/367 860/1613/367
f 849/1567/368 803/1566/368 802/1569/368 853/1568/368
f 845/1563/369 821/1562/369 820/1614/369 843/1615/369
f 839/1559/370 807/1558/370 806/1551/370 833/1550/370
f 842/1593/371 815/1592/371 814/1577/371 836/1576/371
f 858/1587/372 827/1586/372 826/1599/372 854/1598/372
f 856/1595/373 799/1594/373 798/1611/373 857/1610/373
f 838/1585/374 812/1584/374 811/1603/374 834/1602/374
f 843/1615/375 820/1614/375 819/1607/375 830/1606/375
f 926/1616/376 908/1483/376 899/1503/376 917/1617/376
f 852/1601/377 825/1600/377 824/1581/377 851/1580/377
f 829/1609/378 818/1608/378 817/1605/378 840/1604/378
f 869/1618/346 774/1619/346 773/1620/346 875/1621/346
f 863/1622/347 777/1623/347 776/1624/347 861/1625/347
f 861/1625/379 776/1624/379 775/1626/379 862/1627/379
f 880/1628/349 790/1629/349 789/1630/349 881/1631/349
f 876/1632/350 772/1633/350 771/1634/350 878/1635/350
f 875/1621/351 773/1620/351 772/1633/351 876/1632/351
f 885/1636/352 770/1637/352 769/1638/352 884/1639/352
f 892/1640/353 765/1641/353 796/1642/353 890/1643/353
f 865/1644/354 782/1645/354 781/1646/354 867/1647/354
f 883/1648/355 792/1649/355 791/1650/355 879/1651/355
f 867/1647/356 781/1646/356 780/1652/356 874/1653/356
f 890/1643/357 796/1642/357 795/1654/357 889/1655/357
f 884/1639/358 769/1638/358 768/1656/358 886/1657/358
f 868/1658/359 784/1659/359 783/1660/359 866/1661/359
f 886/1657/360 768/1656/360 767/1662/360 888/1663/360
f 873/1664/361 778/1665/361 777/1623/361 863/1622/361
f 887/1666/362 794/1667/362 793/1668/362 882/1669/362
f 879/1651/363 791/1650/363 790/1629/363 880/1628/363
f 872/1670/364 779/1671/364 778/1665/364 873/1664/364
f 870/1672/365 785/1673/365 784/1659/365 868/1658/365
f 871/1674/366 787/1675/366 786/1676/366 864/1677/366
f 891/1678/367 766/1679/367 765/1680/367 892/1681/367
f 878/1635/380 771/1634/380 770/1637/380 885/1636/380
f 881/1631/369 789/1630/369 788/1682/369 877/1683/369
f 862/1627/370 775/1626/370 774/1619/370 869/1618/370
f 866/1661/371 783/1660/371 782/1645/371 865/1644/371
f 889/1655/372 795/1654/372 794/1667/372 887/1666/372
f 888/1663/373 767/1662/373 766/1679/373 891/1678/373
f 874/1653/374 780/1652/374 779/1671/374 872/1670/374
f 877/1683/375 788/1682/375 787/1675/375 871/1674/375
f 882/1669/377 793/1668/377 792/1649/377 883/1648/377
f 904/1684/381 921/1685/381 914/1686/381 893/1687/381
f 864/1677/378 786/1676/378 785/1673/378 870/1672/378
f 893/1688/342 896/1689/342 895/1690/342
f 896/1689/342 897/1691/342 895/1690/342
f 897/1691/342 894/1466/342 895/1690/342
f 898/1465/382 901/1692/382 900/1502/382
f 901/1692/342 902/1693/342 900/1502/342
f 902/1693/342 899/1503/342 900/1502/342
f 903/1546/382 906/1694/382 905/1695/382
f 906/1694/342 907/1696/342 905/1695/342
f 907/1696/342 904/1697/342 905/1695/342
f 908/1483/342 911/1698/342 910/1484/342
f 911/1698/382 912/1699/382 910/1484/382
f 912/1699/382 909/1547/382 910/1484/382
f 921/1700/383 904/1697/383 907/1696/383 923/1701/383
f 923/1701/384 907/1696/384 906/1694/384 924/1702/384
f 924/1702/385 906/1694/385 903/1546/385 922/1549/385
f 908/1483/386 926/1616/386 928/1703/386 911/1698/386
f 911/1698/387 928/1703/387 927/1704/387 912/1699/387
f 912/1699/388 927/1704/388 925/1548/388 909/1547/388
f 893/1688/389 914/1705/389 916/1706/389 896/1689/389
f 896/1689/390 916/1706/390 915/1707/390 897/1691/390
f 897/1691/391 915/1707/391 913/1463/391 894/1466/391
f 917/1617/392 899/1503/392 902/1693/392 919/1708/392
f 919/1708/393 902/1693/393 901/1692/393 920/1709/393
f 920/1709/394 901/1692/394 898/1465/394 918/1464/394
f 867/1710/342 874/1711/342 872/1712/342 873/1713/342 863/1714/342 861/1715/342 862/1716/342 869/1717/342 875/1718/342 876/1719/342 878/1720/342 885/1721/342 884/1722/342 886/1723/342 888/1724/342 891/1725/342 892/1726/342 905/1727/342 904/1728/342 893/1729/342 895/1730/342
f 930/1731/342 931/1732/342 932/1733/342 933/1734/342 934/1735/342 935/1736/342 936/1737/342 937/1738/342 938/1739/342 939/1740/342 940/1741/342 941/1742/342 942/1743/342 943/1744/342 944/1745/342 945/1746/342 946/1747/342 947/1748/342 948/1749/342 949/1750/342 950/1751/342 951/1752/342 952/1753/342 953/1754/342 954/1755/342 955/1756/342 956/1757/342 957/1758/342 958/1759/342 959/1760/342 960/1761/342 929/1762/342
f 998/1763/354 966/1764/354 967/1765/354 999/1766/354
f 999/1766/371 967/1765/371 968/1767/371 1000/1768/371
f 1000/1768/359 968/1767/359 969/1769/359 1001/1770/359
f 1001/1770/365 969/1769/365 970/1771/365 1002/1772/365
f 1002/1772/378 970/1771/378 971/1773/378 1003/1774/378
f 1003/1774/366 971/1773/366 972/1775/366 1004/1776/366
f 1004/1776/375 972/1775/375 973/1777/375 1005/1778/375
f 1005/1778/369 973/1777/369 974/1779/369 1006/1780/369
f 1006/1780/349 974/1779/349 975/1781/349 1007/1782/349
f 1007/1782/363 975/1781/363 976/1783/363 1008/1784/363
f 1008/1784/355 976/1783/355 977/1785/355 1009/1786/355
f 1009/1786/377 977/1785/377 978/1787/377 1010/1788/377
f 1010/1788/362 978/1787/362 979/1789/362 1011/1790/362
f 1011/1790/372 979/1789/372 980/1791/372 1012/1792/372
f 1012/1792/357 980/1791/357 981/1793/357 1013/1794/357
f 1013/1794/353 981/1793/353 982/1795/353 1014/1796/353
f 1014/1796/367 982/1795/367 983/1797/367 1015/1798/367
f 1015/1798/373 983/1797/373 984/1799/373 1016/1800/373
f 1016/1800/360 984/1799/360 985/1801/360 1017/1802/360
f 1017/1802/358 985/1801/358 986/1803/358 1018/1804/358
f 1018/1804/352 986/1803/352 987/1805/352 1019/1806/352
f 1019/1806/380 987/1805/380 988/1807/380 1020/1808/380
f 1020/1808/350 988/1807/350 989/1809/350 1094/1810/350 1092/1811/350 1095/1812/350
f 1021/1813/379 992/1814/379 993/1815/379 1022/1816/379
f 1022/1816/347 993/1815/347 994/1817/347 1023/1818/347
f 1023/1818/361 994/1817/361 995/1819/361 1024/1820/361
f 1024/1820/364 995/1819/364 996/1821/364 1025/1822/364
f 967/1823/344 966/1824/344 997/1825/344 996/1826/344 995/1827/344 994/1828/344 993/1829/344 992/1830/344 991/1831/344 990/1832/344 989/1833/344 988/1834/344 987/1835/344 986/1836/344 985/1837/344 984/1838/344 983/1839/344 982/1840/344 981/1841/344 980/1842/344 979/1843/344 978/1844/344 977/1845/344 976/1846/344 975/1847/344 974/1848/344 973/1849/344 972/1850/344 971/1851/344 970/1852/344 969/1853/344 968/1854/344
f 1025/1822/374 996/1821/374 997/1855/374 1026/1856/374
f 1026/1856/356 997/1855/356 966/1857/356 998/1858/356
f 1086/1859/356 1026/1860/356 998/1861/356 1028/1862/356
f 1030/1863/371 999/1864/371 1000/1865/371 1032/1866/371
f 1084/1867/374 1025/1868/374 1026/1860/374 1086/1859/374
f 1082/1869/364 1024/1870/364 1025/1868/364 1084/1867/364
f 1080/1871/361 1023/1872/361 1024/1870/361 1082/1869/361
f 1078/1873/347 1022/1874/347 1023/1872/347 1080/1871/347
f 1076/1875/379 1021/1876/379 1022/1874/379 1078/1873/379
f 1072/1877/350 1020/1878/350 1095/1879/350 1096/1880/350
f 1070/1881/368 1019/1882/368 1020/1878/368 1072/1877/368
f 1068/1883/352 1018/1884/352 1019/1882/352 1070/1881/352
f 1066/1885/358 1017/1886/358 1018/1884/358 1068/1883/358
f 1064/1887/360 1016/1888/360 1017/1886/360 1066/1885/360
f 1062/1889/373 1015/1890/373 1016/1888/373 1064/1887/373
f 1060/1891/367 1014/1892/367 1015/1890/367 1062/1889/367
f 1058/1893/353 1013/1894/353 1014/1892/353 1060/1891/353
f 1056/1895/357 1012/1896/357 1013/1894/357 1058/1893/357
f 1054/1897/372 1011/1898/372 1012/1896/372 1056/1895/372
f 1052/1899/362 1010/1900/362 1011/1898/362 1054/1897/362
f 1050/1901/377 1009/1902/377 1010/1900/377 1052/1899/377
f 1048/1903/395 1008/1904/395 1009/1902/395 1050/1901/395
f 1046/1905/363 1007/1906/363 1008/1904/363 1048/1903/363
f 1044/1907/349 1006/1780/349 1007/1782/349 1046/1908/349
f 1042/1909/369 1005/1778/369 1006/1780/369 1044/1907/369
f 1040/1910/375 1004/1911/375 1005/1912/375 1042/1913/375
f 1038/1914/366 1003/1915/366 1004/1911/366 1040/1910/366
f 1036/1916/378 1002/1917/378 1003/1915/378 1038/1914/378
f 1034/1918/365 1001/1919/365 1002/1917/365 1036/1916/365
f 1032/1866/359 1000/1865/359 1001/1919/359 1034/1918/359
f 1027/1920/342 1029/1921/342 1031/1922/342 1033/1923/342 1035/1924/342 1037/1925/342 1039/1926/342 1041/1927/342 1043/1928/342 1119/1929/342 1120/1930/342 1121/1931/342 1126/1932/342 1127/1933/342 1130/1934/342 1132/1935/342 1135/1936/342 1136/1937/342 1134/1938/342 1133/1939/342 1131/1940/342 1129/1941/342 1128/1942/342 1123/1943/342 1122/1944/342 1124/1945/342 1104/1946/342 1099/1947/342 1098/1948/342 1074/1949/342 1075/1950/342 1077/1951/342 1079/1952/342 1081/1953/342 1083/1954/342 1085/1955/342
f 1028/1956/396 1030/1957/396 1029/1958/396 1027/1959/396
f 1030/1957/397 1032/1960/397 1031/1961/397 1029/1958/397
f 1032/1960/398 1034/1962/398 1033/1963/398 1031/1961/398
f 1034/1962/399 1036/1964/399 1035/1965/399 1033/1963/399
f 1036/1964/400 1038/1966/400 1037/1967/400 1035/1965/400
f 1038/1966/401 1040/1968/401 1039/1969/401 1037/1967/401
f 1040/1968/402 1042/1970/402 1041/1971/402 1039/1969/402
f 1042/1970/403 1044/1972/403 1043/1973/403 1041/1971/403
f 1044/1972/404 1046/1974/404 1045/1975/404 1043/1973/404
f 1046/1974/405 1048/1976/405 1047/1977/405 1045/1975/405
f 1048/1976/406 1050/1978/406 1049/1979/406 1047/1977/406
f 1050/1978/407 1052/1980/407 1051/1981/407 1049/1979/407
f 1052/1980/408 1054/1982/408 1053/1983/408 1051/1981/408
f 1054/1982/409 1056/1984/409 1055/1985/409 1053/1983/409
f 1056/1984/410 1058/1986/410 1057/1987/410 1055/1985/410
f 1058/1986/411 1060/1988/411 1059/1989/411 1057/1987/411
f 1060/1988/412 1062/1990/412 1061/1991/412 1059/1989/412
f 1062/1990/413 1064/1992/413 1063/1993/413 1061/1991/413
f 1064/1992/414 1066/1994/414 1065/1995/414 1063/1993/414
f 1066/1994/415 1068/1996/415 1067/1997/415 1065/1995/415
f 1068/1996/416 1070/1998/416 1069/1999/416 1067/1997/416
f 1070/1998/417 1072/2000/417 1071/2001/417 1069/1999/417
f 1072/2000/418 1096/2002/418 1093/2003/418 1101/2004/418 1073/2005/418 1071/2001/418
f 1076/2006/419 1078/2007/419 1077/2008/419 1075/2009/419
f 1078/2007/420 1080/2010/420 1079/2011/420 1077/2008/420
f 1080/2010/421 1082/2012/421 1081/2013/421 1079/2011/421
f 1082/2012/422 1084/2014/422 1083/2015/422 1081/2013/422
f 1084/2014/423 1086/2016/423 1085/2017/423 1083/2015/423
f 1086/2016/424 1028/1956/424 1027/1959/424 1085/2017/424
f 1028/1862/354 998/1861/354 999/1864/354 1030/1863/354
f 1099/2018/350 962/2019/350 961/2020/350 1090/2021/350 1100/2022/350 1098/2023/350
f 1104/2024/351 963/2025/351 962/2019/351 1099/2018/351
f 1090/2026/368 961/2027/368 1088/2028/368 1089/2029/368 1091/2030/368
f 1100/2031/425 1090/2032/425 1091/2033/425 1076/2006/425 1075/2009/425 1074/2034/425
f 1088/2035/342 961/2036/342 962/2037/342 963/2038/342 964/2039/342 965/2040/342 1092/2041/342 1094/2042/342 1097/2043/342 1087/2044/342
f 1103/2045/346 964/2046/346 963/2025/346 1104/2024/346
f 1092/2047/348 965/2048/348 1093/2049/348 1096/2050/348 1095/2051/348
f 1091/2052/370 1089/2053/370 1021/1876/370 1076/1875/370
f 1093/2054/370 965/2055/370 964/2046/370 1103/2045/370 1102/2056/370 1101/2057/370
f 1089/2058/370 1088/2059/370 1087/2060/370 991/2061/370 992/1814/370 1021/1813/370
f 1097/2062/351 1094/1810/351 989/1809/351 990/2063/351
f 1101/2004/426 1102/2064/426 1073/2005/426
f 1087/2060/346 1097/2062/346 990/2063/346 991/2061/346
f 1098/2065/427 1100/2031/427 1074/2034/427
f 1105/2066/346 938/2067/346 937/2068/346 1119/2069/346
f 1108/2070/347 941/2071/347 940/2072/347 1106/2073/347
f 1106/2073/379 940/2072/379 939/2074/379 1107/2075/379
f 1122/2076/349 954/2077/349 953/2078/349 1124/2079/349
f 1120/2080/350 936/2081/350 935/2082/350 1121/2083/350
f 1119/2069/351 937/2068/351 936/2081/351 1120/2080/351
f 1126/2084/352 934/2085/352 933/2086/352 1127/2087/352
f 1136/2088/353 929/2089/353 960/2090/353 1134/2091/353
f 1113/2092/354 946/2093/354 945/2094/354 1112/2095/354
f 1128/2096/355 956/2097/355 955/2098/355 1123/2099/355
f 1112/2095/356 945/2094/356 944/2100/356 1111/2101/356
f 1134/2091/357 960/2090/357 959/2102/357 1133/2103/357
f 1127/2087/358 933/2086/358 932/2104/358 1130/2105/358
f 1115/2106/359 948/2107/359 947/2108/359 1114/2109/359
f 1130/2105/360 932/2104/360 931/2110/360 1132/2111/360
f 1109/2112/361 942/2113/361 941/2071/361 1108/2070/361
f 1131/2114/362 958/2115/362 957/2116/362 1129/2117/362
f 1123/2099/363 955/2098/363 954/2077/363 1122/2076/363
f 1104/1946/342 1124/1945/342 1125/2118/342 1118/2119/342 1117/2120/342 1116/2121/342 1115/2122/342 1114/2123/342 1113/2124/342 1112/2125/342 1111/2126/342 1110/2127/342 1109/2128/342 1108/2129/342 1106/2130/342 1107/2131/342 1105/2132/342 1119/1929/342 1043/1928/342 1045/2133/342 1047/2134/342 1049/2135/342 1051/2136/342 1053/2137/342 1055/2138/342 1057/2139/342 1059/2140/342 1061/2141/342 1063/2142/342 1065/2143/342 1067/2144/342 1069/2145/342 1071/2146/342 1073/2147/342 1102/2148/342 1103/2149/342
f 1110/2150/364 943/2151/364 942/2113/364 1109/2112/364
f 1116/2152/365 949/2153/365 948/2107/365 1115/2106/365
f 1118/2154/428 951/2155/428 950/2156/428 1117/2157/428
f 1135/2158/367 930/2159/367 929/2160/367 1136/2161/367
f 1121/2083/380 935/2082/380 934/2085/380 1126/2084/380
f 1124/2079/369 953/2078/369 952/2162/369 1125/2163/369
f 1107/2075/370 939/2074/370 938/2067/370 1105/2066/370
f 1114/2109/371 947/2108/371 946/2093/371 1113/2092/371
f 1133/2103/372 959/2102/372 958/2115/372 1131/2114/372
f 1132/2111/373 931/2110/373 930/2159/373 1135/2158/373
f 1111/2101/374 944/2100/374 943/2151/374 1110/2150/374
f 1125/2163/375 952/2162/375 951/2155/375 1118/2154/375
f 1129/2117/377 957/2116/377 956/2097/377 1128/2096/377
f 1117/2157/378 950/2156/378 949/2153/378 1116/2152/378
f 1169/2164/354 1137/2165/354 1138/2166/354 1170/2167/354
f 1170/2167/371 1138/2166/371 1139/2168/371 1171/2169/371
f 1171/2169/359 1139/2168/359 1140/2170/359 1172/2171/359
f 1172/2171/365 1140/2170/365 1141/2172/365 1173/2173/365
f 1173/2173/378 1141/2172/378 1142/2174/378 1174/2175/378
f 1174/2175/366 1142/2174/366 1143/2176/366 1175/2177/366
f 1175/2177/375 1143/2176/375 1144/2178/375 1176/2179/375
f 1176/2179/369 1144/2178/369 1145/2180/369 1177/2181/369
f 1177/2181/349 1145/2180/349 1146/2182/349 1178/2183/349
f 1178/2183/363 1146/2182/363 1147/2184/363 1179/2185/363
f 1179/2185/355 1147/2184/355 1148/2186/355 1180/2187/355
f 1180/2187/377 1148/2186/377 1149/2188/377 1181/2189/377
f 1181/2189/362 1149/2188/362 1150/2190/362 1182/2191/362
f 1182/2191/372 1150/2190/372 1151/2192/372 1183/2193/372
f 1183/2193/357 1151/2192/357 1152/2194/357 1184/2195/357
f 1184/2195/353 1152/2194/353 1153/2196/353 1185/2197/353
f 1185/2197/367 1153/2196/367 1154/2198/367 1186/2199/367
f 1186/2199/373 1154/2198/373 1155/2200/373 1187/2201/373
f 1187/2201/360 1155/2200/360 1156/2202/360 1188/2203/360
f 1188/2203/358 1156/2202/358 1157/2204/358 1189/2205/358
f 1189/2205/352 1157/2204/352 1158/2206/352 1190/2207/352
f 1190/2207/368 1158/2206/368 1159/2208/368 1191/2209/368
f 1191/2209/350 1159/2208/350 1160/2210/350 1192/2211/350
f 1192/2211/351 1160/2210/351 1161/2212/351 1193/2213/351
f 1193/2213/346 1161/2212/346 1162/2214/346 1194/2215/346
f 1194/2215/370 1162/2214/370 1163/2216/370 1195/2217/370
f 1195/2217/379 1163/2216/379 1164/2218/379 1196/2219/379
f 1196/2219/347 1164/2218/347 1165/2220/347 1197/2221/347
f 1197/2221/361 1165/2220/361 1166/2222/361 1198/2223/361
f 1198/2223/364 1166/2222/364 1167/2224/364 1199/2225/364
f 1138/2226/344 1137/2227/344 1168/2228/344 1167/2229/344 1166/2230/344 1165/2231/344 1164/2232/344 1163/2233/344 1162/2234/344 1161/2235/344 1160/2236/344 1159/2237/344 1158/2238/344 1157/2239/344 1156/2240/344 1155/2241/344 1154/2242/344 1153/2243/344 1152/2244/344 1151/2245/344 1150/2246/344 1149/2247/344 1148/2248/344 1147/2249/344 1146/2250/344 1145/2251/344 1144/2252/344 1143/2253/344 1142/2254/344 1141/2255/344 1140/2256/344 1139/2257/344
f 1199/2225/374 1167/2224/374 1168/2258/374 1200/2259/374
f 1200/2259/356 1168/2258/356 1137/2260/356 1169/2261/356
f 1234/2262/429 1295/2263/429 1232/2264/429 1201/2265/429
f 1202/2266/430 1201/2267/430 1169/2268/430 1170/2269/430
f 1203/2270/431 1202/2266/431 1170/2269/431 1171/2271/431
f 1204/2272/432 1203/2270/432 1171/2271/432 1172/2273/432
f 1205/2274/433 1204/2272/433 1172/2273/433 1173/2275/433
f 1206/2276/434 1205/2274/434 1173/2275/434 1174/2277/434
f 1207/2278/435 1206/2276/435 1174/2277/435 1175/2279/435
f 1208/2280/436 1207/2278/436 1175/2279/436 1176/2281/436
f 1209/2282/437 1208/2280/437 1176/2281/437 1177/2283/437
f 1210/2284/438 1209/2282/438 1177/2283/438 1178/2285/438
f 1211/2286/439 1210/2284/439 1178/2285/439 1179/2287/439
f 1212/2288/440 1211/2286/440 1179/2287/440 1180/2289/440
f 1213/2290/441 1212/2288/441 1180/2289/441 1181/2291/441
f 1214/2292/442 1213/2290/442 1181/2291/442 1182/2293/442
f 1215/2294/443 1214/2292/443 1182/2293/443 1183/2295/443
f 1216/2296/444 1215/2294/444 1183/2295/444 1184/2297/444
f 1217/2298/445 1216/2296/445 1184/2297/445 1185/2299/445
f 1218/2300/446 1217/2298/446 1185/2299/446 1186/2301/446
f 1219/2302/447 1218/2300/447 1186/2301/447 1187/2303/447
f 1220/2304/448 1219/2302/448 1187/2303/448 1188/2305/448
f 1221/2306/449 1220/2304/449 1188/2305/449 1189/2307/449
f 1222/2308/450 1221/2306/450 1189/2307/450 1190/2309/450
f 1223/2310/451 1222/2308/451 1190/2309/451 1191/2311/451
f 1224/2312/452 1223/2310/452 1191/2311/452 1192/2313/452
f 1225/2314/453 1224/2312/453 1192/2313/453 1193/2315/453
f 1226/2316/454 1225/2314/454 1193/2315/454 1194/2317/454
f 1227/2318/455 1226/2316/455 1194/2317/455 1195/2319/455
f 1228/2320/456 1227/2318/456 1195/2319/456 1196/2321/456
f 1229/2322/457 1228/2320/457 1196/2321/457 1197/2323/457
f 1230/2324/458 1229/2322/458 1197/2323/458 1198/2325/458
f 1231/2326/459 1230/2324/459 1198/2325/459 1199/2327/459
f 1232/2328/460 1231/2326/460 1199/2327/460 1200/2329/460
f 1201/2267/461 1232/2328/461 1200/2329/461 1169/2268/461
f 1233/2330/342 1236/2331/342 1238/2332/342 1240/2333/342 1242/2334/342 1244/2335/342 1246/2336/342 1248/2337/342 1250/2338/342 1252/2339/342 1254/2340/342 1256/2341/342 1258/2342/342 1260/2343/342 1262/2344/342 1264/2345/342 1266/2346/342 1268/2347/342 1270/2348/342 1272/2349/342 1274/2350/342 1276/2351/342 1278/2352/342 1280/2353/342 1282/2354/342 1284/2355/342 1286/2356/342 1288/2357/342 1290/2358/342 1292/2359/342 1294/2360/342 1296/2361/342
f 1239/2362/462 1237/2363/462 1203/2364/462 1204/2365/462
f 1241/2366/463 1239/2362/463 1204/2365/463 1205/2367/463
f 1243/2368/464 1241/2366/464 1205/2367/464 1206/2369/464
f 1245/2370/465 1243/2368/465 1206/2369/465 1207/2371/465
f 1247/2372/466 1245/2370/466 1207/2371/466 1208/2373/466
f 1249/2374/467 1247/2372/467 1208/2373/467 1209/2375/467
f 1251/2376/468 1249/2374/468 1209/2375/468 1210/2377/468
f 1253/2378/469 1251/2376/469 1210/2377/469 1211/2379/469
f 1255/2380/470 1253/2378/470 1211/2379/470 1212/2381/470
f 1257/2382/471 1255/2380/471 1212/2381/471 1213/2383/471
f 1259/2384/472 1257/2382/472 1213/2383/472 1214/2385/472
f 1261/2386/473 1259/2384/473 1214/2385/473 1215/2387/473
f 1263/2388/474 1261/2386/474 1215/2387/474 1216/2389/474
f 1265/2390/475 1263/2388/475 1216/2389/475 1217/2391/475
f 1267/2392/476 1265/2390/476 1217/2391/476 1218/2393/476
f 1269/2394/477 1267/2392/477 1218/2393/477 1219/2395/477
f 1271/2396/478 1269/2394/478 1219/2395/478 1220/2397/478
f 1273/2398/479 1271/2396/479 1220/2397/479 1221/2399/479
f 1275/2400/480 1273/2398/480 1221/2399/480 1222/2401/480
f 1277/2402/481 1275/2400/481 1222/2401/481 1223/2403/481
f 1279/2404/482 1277/2402/482 1223/2403/482 1224/2405/482
f 1281/2406/483 1279/2404/483 1224/2405/483 1225/2407/483
f 1283/2408/484 1281/2406/484 1225/2407/484 1226/2409/484
f 1285/2410/485 1283/2408/485 1226/2409/485 1227/2411/485
f 1287/2412/486 1285/2410/486 1227/2411/486 1228/2413/486
f 1289/2414/487 1287/2412/487 1228/2413/487 1229/2415/487
f 1291/2416/488 1289/2414/488 1229/2415/488 1230/2417/488
f 1293/2418/489 1291/2416/489 1230/2417/489 1231/2419/489
f 1295/2263/490 1293/2418/490 1231/2419/490 1232/2264/490
f 1237/2363/491 1235/2420/491 1202/2421/491 1203/2364/491
f 1234/2262/492 1235/2420/492 1236/2331/492 1233/2330/492
f 1235/2420/493 1237/2363/493 1238/2332/493 1236/2331/493
f 1237/2363/494 1239/2362/494 1240/2333/494 1238/2332/494
f 1239/2362/495 1241/2366/495 1242/2334/495 1240/2333/495
f 1241/2366/496 1243/2368/496 1244/2335/496 1242/2334/496
f 1243/2368/497 1245/2370/497 1246/2336/497 1244/2335/497
f 1245/2370/498 1247/2372/498 1248/2337/498 1246/2336/498
f 1247/2372/499 1249/2374/499 1250/2338/499 1248/2337/499
f 1249/2374/500 1251/2376/500 1252/2339/500 1250/2338/500
f 1251/2376/501 1253/2378/501 1254/2340/501 1252/2339/501
f 1253/2378/502 1255/2380/502 1256/2341/502 1254/2340/502
f 1255/2380/503 1257/2382/503 1258/2342/503 1256/2341/503
f 1257/2382/504 1259/2384/504 1260/2343/504 1258/2342/504
f 1259/2384/505 1261/2386/505 1262/2344/505 1260/2343/505
f 1261/2386/506 1263/2388/506 1264/2345/506 1262/2344/506
f 1263/2388/507 1265/2390/507 1266/2346/507 1264/2345/507
f 1265/2390/508 1267/2392/508 1268/2347/508 1266/2346/508
f 1267/2392/509 1269/2394/509 1270/2348/509 1268/2347/509
f 1269/2394/510 1271/2396/510 1272/2349/510 1270/2348/510
f 1271/2396/511 1273/2398/511 1274/2350/511 1272/2349/511
f 1273/2398/512 1275/2400/512 1276/2351/512 1274/2350/512
f 1275/2400/513 1277/2402/513 1278/2352/513 1276/2351/513
f 1277/2402/514 1279/2404/514 1280/2353/514 1278/2352/514
f 1279/2404/515 1281/2406/515 1282/2354/515 1280/2353/515
f 1281/2406/516 1283/2408/516 1284/2355/516 1282/2354/516
f 1283/2408/517 1285/2410/517 1286/2356/517 1284/2355/517
f 1285/2410/518 1287/2412/518 1288/2357/518 1286/2356/518
f 1287/2412/519 1289/2414/519 1290/2358/519 1288/2357/519
f 1289/2414/520 1291/2416/520 1292/2359/520 1290/2358/520
f 1291/2416/521 1293/2418/521 1294/2360/521 1292/2359/521
f 1293/2418/522 1295/2263/522 1296/2361/522 1294/2360/522
f 1295/2263/523 1234/2262/523 1233/2330/523 1296/2361/523
f 1235/2420/524 1234/2262/524 1201/2265/524 1202/2421/524
f 1329/2422/354 1297/2423/354 1298/2424/354 1330/2425/354
f 1330/2425/371 1298/2424/371 1299/2426/371 1331/2427/371
f 1331/2427/359 1299/2426/359 1300/2428/359 1332/2429/359
f 1332/2429/365 1300/2428/365 1301/2430/365 1333/2431/365
f 1333/2431/378 1301/2430/378 1302/2432/378 1334/2433/378
f 1334/2433/366 1302/2432/366 1303/2434/366 1335/2435/366
f 1335/2435/375 1303/2434/375 1304/2436/375 1336/2437/375
f 1336/2437/369 1304/2436/369 1305/2438/369 1337/2439/369
f 1337/2439/349 1305/2438/349 1306/2440/349 1338/2441/349
f 1338/2441/363 1306/2440/363 1307/2442/363 1339/2443/363
f 1339/2443/355 1307/2442/355 1308/2444/355 1340/2445/355
f 1340/2445/377 1308/2444/377 1309/2446/377 1341/2447/377
f 1341/2447/362 1309/2446/362 1310/2448/362 1342/2449/362
f 1342/2449/372 1310/2448/372 1311/2450/372 1343/2451/372
f 1343/2451/357 1311/2450/357 1312/2452/357 1344/2453/357
f 1344/2453/353 1312/2452/353 1313/2454/353 1345/2455/353
f 1345/2455/367 1313/2454/367 1314/2456/367 1346/2457/367
f 1346/2457/373 1314/2456/373 1315/2458/373 1347/2459/373
f 1347/2459/360 1315/2458/360 1316/2460/360 1348/2461/360
f 1348/2461/358 1316/2460/358 1317/2462/358 1349/2463/358
f 1349/2463/352 1317/2462/352 1318/2464/352 1350/2465/352
f 1350/2465/380 1318/2464/380 1319/2466/380 1351/2467/380
f 1351/2467/350 1319/2466/350 1320/2468/350 1352/2469/350
f 1352/2469/351 1320/2468/351 1321/2470/351 1353/2471/351
f 1353/2471/346 1321/2470/346 1322/2472/346 1354/2473/346
f 1354/2473/370 1322/2472/370 1323/2474/370 1355/2475/370
f 1355/2475/379 1323/2474/379 1324/2476/379 1356/2477/379
f 1356/2477/347 1324/2476/347 1325/2478/347 1357/2479/347
f 1357/2479/361 1325/2478/361 1326/2480/361 1358/2481/361
f 1358/2481/364 1326/2480/364 1327/2482/364 1359/2483/364
f 1298/2484/344 1297/2485/344 1328/2486/344 1327/2487/344 1326/2488/344 1325/2489/344 1324/2490/344 1323/2491/344 1322/2492/344 1321/2493/344 1320/2494/344 1319/2495/344 1318/2496/344 1317/2497/344 1316/2498/344 1315/2499/344 1314/2500/344 1313/2501/344 1312/2502/344 1311/2503/344 1310/2504/344 1309/2505/344 1308/2506/344 1307/2507/344 1306/2508/344 1305/2509/344 1304/2510/344 1303/2511/344 1302/2512/344 1301/2513/344 1300/2514/344 1299/2515/344
f 1359/2483/374 1327/2482/374 1328/2516/374 1360/2517/374
f 1360/2517/356 1328/2516/356 1297/2518/356 1329/2519/356
f 1426/2520/525 1487/2521/525 1424/2522/525 1393/2523/525
f 1489/2524/526 1490/2525/526 1329/2526/526 1330/2527/526
f 1491/2528/527 1489/2524/527 1330/2527/527 1331/2529/527
f 1492/2530/528 1491/2528/528 1331/2529/528 1332/2531/528
f 1493/2532/529 1492/2530/529 1332/2531/529 1333/2533/529
f 1494/2534/530 1493/2532/530 1333/2533/530 1334/2535/530
f 1495/2536/531 1494/2534/531 1334/2535/531 1335/2537/531
f 1496/2538/532 1495/2536/532 1335/2537/532 1336/2539/532
f 1497/2540/533 1496/2538/533 1336/2539/533 1337/2541/533
f 1498/2542/534 1497/2540/534 1337/2541/534 1338/2543/534
f 1499/2544/535 1498/2542/535 1338/2543/535 1339/2545/535
f 1500/2546/536 1499/2544/536 1339/2545/536 1340/2547/536
f 1501/2548/537 1500/2546/537 1340/2547/537 1341/2549/537
f 1502/2550/538 1501/2548/538 1341/2549/538 1342/2551/538
f 1503/2552/539 1502/2550/539 1342/2551/539 1343/2553/539
f 1504/2554/540 1503/2552/540 1343/2553/540 1344/2555/540
f 1505/2556/541 1504/2554/541 1344/2555/541 1345/2557/541
f 1506/2558/542 1505/2556/542 1345/2557/542 1346/2559/542
f 1507/2560/543 1506/2558/543 1346/2559/543 1347/2561/543
f 1508/2562/544 1507/2560/544 1347/2561/544 1348/2563/544
f 1509/2564/545 1508/2562/545 1348/2563/545 1349/2565/545
f 1510/2566/546 1509/2564/546 1349/2565/546 1350/2567/546
f 1511/2568/547 1510/2566/547 1350/2567/547 1351/2569/547
f 1512/2570/548 1511/2568/548 1351/2569/548 1352/2571/548
f 1513/2572/549 1512/2570/549 1352/2571/549 1353/2573/549
f 1514/2574/550 1513/2572/550 1353/2573/550 1354/2575/550
f 1515/2576/551 1514/2574/551 1354/2575/551 1355/2577/551
f 1516/2578/552 1515/2576/552 1355/2577/552 1356/2579/552
f 1517/2580/553 1516/2578/553 1356/2579/553 1357/2581/553
f 1518/2582/554 1517/2580/554 1357/2581/554 1358/2583/554
f 1519/2584/555 1518/2582/555 1358/2583/555 1359/2585/555
f 1520/2586/556 1519/2584/556 1359/2585/556 1360/2587/556
f 1490/2525/557 1520/2586/557 1360/2587/557 1329/2526/557
f 1394/2588/558 1393/2589/558 1361/2590/558 1362/2591/558
f 1395/2592/559 1394/2588/559 1362/2591/559 1363/2593/559
f 1396/2594/560 1395/2592/560 1363/2593/560 1364/2595/560
f 1397/2596/561 1396/2594/561 1364/2595/561 1365/2597/561
f 1398/2598/562 1397/2596/562 1365/2597/562 1366/2599/562
f 1399/2600/563 1398/2598/563 1366/2599/563 1367/2601/563
f 1400/2602/564 1399/2600/564 1367/2601/564 1368/2603/564
f 1401/2604/565 1400/2602/565 1368/2603/565 1369/2605/565
f 1402/2606/566 1401/2604/566 1369/2605/566 1370/2607/566
f 1403/2608/567 1402/2606/567 1370/2607/567 1371/2609/567
f 1404/2610/568 1403/2608/568 1371/2609/568 1372/2611/568
f 1405/2612/569 1404/2610/569 1372/2611/569 1373/2613/569
f 1406/2614/570 1405/2612/570 1373/2613/570 1374/2615/570
f 1407/2616/571 1406/2614/571 1374/2615/571 1375/2617/571
f 1408/2618/572 1407/2616/572 1375/2617/572 1376/2619/572
f 1409/2620/573 1408/2618/573 1376/2619/573 1377/2621/573
f 1410/2622/574 1409/2620/574 1377/2621/574 1378/2623/574
f 1411/2624/575 1410/2622/575 1378/2623/575 1379/2625/575
f 1412/2626/576 1411/2624/576 1379/2625/576 1380/2627/576
f 1413/2628/577 1412/2626/577 1380/2627/577 1381/2629/577
f 1414/2630/578 1413/2628/578 1381/2629/578 1382/2631/578
f 1415/2632/579 1414/2630/579 1382/2631/579 1383/2633/579
f 1416/2634/580 1415/2632/580 1383/2633/580 1384/2635/580
f 1417/2636/581 1416/2634/581 1384/2635/581 1385/2637/581
f 1418/2638/582 1417/2636/582 1385/2637/582 1386/2639/582
f 1419/2640/583 1418/2638/583 1386/2639/583 1387/2641/583
f 1420/2642/584 1419/2640/584 1387/2641/584 1388/2643/584
f 1421/2644/585 1420/2642/585 1388/2643/585 1389/2645/585
f 1422/2646/586 1421/2644/586 1389/2645/586 1390/2647/586
f 1423/2648/587 1422/2646/587 1390/2647/587 1391/2649/587
f 1424/2650/588 1423/2648/588 1391/2649/588 1392/2651/588
f 1393/2589/589 1424/2650/589 1392/2651/589 1361/2590/589
f 1425/2652/342 1428/2653/342 1430/2654/342 1432/2655/342 1434/2656/342 1436/2657/342 1438/2658/342 1440/2659/342 1442/2660/342 1444/2661/342 1446/2662/342 1448/2663/342 1450/2664/342 1452/2665/342 1454/2666/342 1456/2667/342 1458/2668/342 1460/2669/342 1462/2670/342 1464/2671/342 1466/2672/342 1468/2673/342 1470/2674/342 1472/2675/342 1474/2676/342 1476/2677/342 1478/2678/342 1480/2679/342 1482/2680/342 1484/2681/342 1486/2682/342 1488/2683/342
f 1431/2684/590 1429/2685/590 1395/2686/590 1396/2687/590
f 1433/2688/591 1431/2684/591 1396/2687/591 1397/2689/591
f 1435/2690/592 1433/2688/592 1397/2689/592 1398/2691/592
f 1437/2692/593 1435/2690/593 1398/2691/593 1399/2693/593
f 1439/2694/594 1437/2692/594 1399/2693/594 1400/2602/594
f 1441/2695/595 1439/2694/595 1400/2602/595 1401/2696/595
f 1443/2697/596 1441/2695/596 1401/2696/596 1402/2698/596
f 1445/2699/597 1443/2697/597 1402/2698/597 1403/2700/597
f 1447/2701/598 1445/2699/598 1403/2700/598 1404/2702/598
f 1449/2703/599 1447/2701/599 1404/2702/599 1405/2704/599
f 1451/2705/600 1449/2703/600 1405/2704/600 1406/2706/600
f 1453/2707/601 1451/2705/601 1406/2706/601 1407/2708/601
f 1455/2709/602 1453/2707/602 1407/2708/602 1408/2710/602
f 1457/2711/603 1455/2709/603 1408/2710/603 1409/2712/603
f 1459/2713/604 1457/2711/604 1409/2712/604 1410/2714/604
f 1461/2715/605 1459/2713/605 1410/2714/605 1411/2716/605
f 1463/2717/606 1461/2715/606 1411/2716/606 1412/2718/606
f 1465/2719/607 1463/2717/607 1412/2718/607 1413/2720/607
f 1467/2721/608 1465/2719/608 1413/2720/608 1414/2722/608
f 1469/2723/609 1467/2721/609 1414/2722/609 1415/2724/609
f 1471/2725/610 1469/2723/610 1415/2724/610 1416/2726/610
f 1473/2727/611 1471/2725/611 1416/2726/611 1417/2728/611
f 1475/2729/612 1473/2727/612 1417/2728/612 1418/2730/612
f 1477/2731/613 1475/2729/613 1418/2730/613 1419/2732/613
f 1479/2733/614 1477/2731/614 1419/2732/614 1420/2734/614
f 1481/2735/615 1479/2733/615 1420/2734/615 1421/2736/615
f 1483/2737/616 1481/2735/616 1421/2736/616 1422/2738/616
f 1485/2739/617 1483/2737/617 1422/2738/617 1423/2740/617
f 1487/2521/618 1485/2739/618 1423/2740/618 1424/2522/618
f 1429/2685/619 1427/2741/619 1394/2742/619 1395/2686/619
f 1426/2520/620 1427/2741/620 1428/2653/620 1425/2652/620
f 1427/2741/621 1429/2685/621 1430/2654/621 1428/2653/621
f 1429/2685/622 1431/2684/622 1432/2655/622 1430/2654/622
f 1431/2684/623 1433/2688/623 1434/2656/623 1432/2655/623
f 1433/2688/624 1435/2690/624 1436/2657/624 1434/2656/624
f 1435/2690/625 1437/2692/625 1438/2658/625 1436/2657/625
f 1437/2692/626 1439/2694/626 1440/2659/626 1438/2658/626
f 1439/2694/627 1441/2695/627 1442/2660/627 1440/2659/627
f 1441/2695/628 1443/2697/628 1444/2661/628 1442/2660/628
f 1443/2697/629 1445/2699/629 1446/2662/629 1444/2661/629
f 1445/2699/630 1447/2701/630 1448/2663/630 1446/2662/630
f 1447/2701/631 1449/2703/631 1450/2664/631 1448/2663/631
f 1449/2703/632 1451/2705/632 1452/2665/632 1450/2664/632
f 1451/2705/633 1453/2707/633 1454/2666/633 1452/2665/633
f 1453/2707/634 1455/2709/634 1456/2667/634 1454/2666/634
f 1455/2709/635 1457/2711/635 1458/2668/635 1456/2667/635
f 1457/2711/636 1459/2713/636 1460/2669/636 1458/2668/636
f 1459/2713/637 1461/2715/637 1462/2670/637 1460/2669/637
f 1461/2715/638 1463/2717/638 1464/2671/638 1462/2670/638
f 1463/2717/639 1465/2719/639 1466/2672/639 1464/2671/639
f 1465/2719/640 1467/2721/640 1468/2673/640 1466/2672/640
f 1467/2721/641 1469/2723/641 1470/2674/641 1468/2673/641
f 1469/2723/642 1471/2725/642 1472/2675/642 1470/2674/642
f 1471/2725/643 1473/2727/643 1474/2676/643 1472/2675/643
f 1473/2727/644 1475/2729/644 1476/2677/644 1474/2676/644
f 1475/2729/645 1477/2731/645 1478/2678/645 1476/2677/645
f 1477/2731/646 1479/2733/646 1480/2679/646 1478/2678/646
f 1479/2733/647 1481/2735/647 1482/2680/647 1480/2679/647
f 1481/2735/648 1483/2737/648 1484/2681/648 1482/2680/648
f 1483/2737/649 1485/2739/649 1486/2682/649 1484/2681/649
f 1485/2739/650 1487/2521/650 1488/2683/650 1486/2682/650
f 1487/2521/651 1426/2520/651 1425/2652/651 1488/2683/651
f 1427/2741/652 1426/2520/652 1393/2523/652 1394/2742/652
f 1361/2743/653 1392/2744/653 1520/2586/653 1490/2525/653
f 1392/2744/654 1391/2745/654 1519/2584/654 1520/2586/654
f 1391/2745/655 1390/2746/655 1518/2582/655 1519/2584/655
f 1390/2746/656 1389/2747/656 1517/2580/656 1518/2582/656
f 1389/2747/657 1388/2748/657 1516/2578/657 1517/2580/657
f 1388/2748/658 1387/2749/658 1515/2576/658 1516/2578/658
f 1387/2749/659 1386/2750/659 1514/2574/659 1515/2576/659
f 1386/2750/660 1385/2751/660 1513/2572/660 1514/2574/660
f 1385/2751/661 1384/2752/661 1512/2570/661 1513/2572/661
f 1384/2752/662 1383/2753/662 1511/2568/662 1512/2570/662
f 1383/2753/663 1382/2754/663 1510/2566/663 1511/2568/663
f 1382/2754/664 1381/2755/664 1509/2564/664 1510/2566/664
f 1381/2755/665 1380/2756/665 1508/2562/665 1509/2564/665
f 1380/2756/666 1379/2757/666 1507/2560/666 1508/2562/666
f 1379/2757/667 1378/2758/667 1506/2558/667 1507/2560/667
f 1378/2758/668 1377/2759/668 1505/2556/668 1506/2558/668
f 1377/2759/669 1376/2760/669 1504/2554/669 1505/2556/669
f 1376/2760/670 1375/2761/670 1503/2552/670 1504/2554/670
f 1375/2761/671 1374/2762/671 1502/2550/671 1503/2552/671
f 1374/2762/672 1373/2763/672 1501/2548/672 1502/2550/672
f 1373/2763/673 1372/2764/673 1500/2546/673 1501/2548/673
f 1372/2764/674 1371/2765/674 1499/2544/674 1500/2546/674
f 1371/2765/675 1370/2766/675 1498/2542/675 1499/2544/675
f 1370/2766/676 1369/2767/676 1497/2540/676 1498/2542/676
f 1369/2767/677 1368/2768/677 1496/2538/677 1497/2540/677
f 1368/2768/678 1367/2769/678 1495/2536/678 1496/2538/678
f 1367/2769/679 1366/2770/679 1494/2534/679 1495/2536/679
f 1366/2770/680 1365/2771/680 1493/2532/680 1494/2534/680
f 1365/2771/681 1364/2772/681 1492/2530/681 1493/2532/681
f 1364/2772/682 1363/2773/682 1491/2528/682 1492/2530/682
f 1363/2773/683 1362/2774/683 1489/2524/683 1491/2528/683
f 1362/2774/684 1361/2743/684 1490/2525/684 1489/2524/684
f 1521/2775/342 1522/2776/342 1524/2777/342 1523/2778/342
f 1523/2779/345 1524/2780/345 1528/2781/345 1527/2782/345
f 1527/2783/344 1528/2784/344 1526/2785/344 1525/2786/344
f 1525/2787/343 1526/2788/343 1522/2789/343 1521/2790/343
f 1523/2791/381 1527/2792/381 1525/2793/381 1521/2794/381
f 1528/2784/376 1524/2795/376 1522/2796/376 1526/2785/376
